TAZ,COUNTY,DISTRICT,SD,TOTHH,TOTPOP,TOTACRE,RESACRE,CIACRE,TOTEMP,AGE0519,RETEMPN,FPSEMPN,HEREMPN,OTHEMPN,AGREMPN,MWTEMPN,PRKCST,OPRKCST,area_type,HSENROLL,COLLFTE,COLLPTE,TERMINAL,TOPOLOGY
1,25,0,25,0.0,0.0,45.44,22.72,4.544,5451.0,0.0,516.0,1276.0,1537.0,2105.0,0.0,17.0,5.08875,5.08875,1,0,0,0,5,1
2,25,0,25,426.0,332.0,14.079999999999998,7.039999999999999,1.408,4463.0,10.0,1500.0,879.0,952.0,1067.0,0.0,65.0,6.166875,6.166875,1,0,0,0,5,1
3,25,0,25,1275.0,1300.0,19.84,9.92,1.984,9308.0,54.0,1586.0,3552.0,1493.0,1525.0,0.0,1152.0,7.151357616,7.151357616,1,0,0,0,5,1
4,25,0,25,573.0,563.0,17.92,8.96,1.7920000000000005,5432.0,22.0,1525.0,1758.0,855.0,1125.0,0.0,169.0,7.387229271,7.387229271,1,0,0,0,5,1
5,25,0,25,2263.0,2233.0,27.52,13.759999999999998,2.752,832.0,133.0,80.0,237.0,393.0,109.0,0.0,13.0,7.404682159,7.404682159,2,0,0,0,4,1
6,25,0,25,2741.0,2827.0,18.56,9.28,1.8560000000000003,2337.0,159.0,589.0,806.0,500.0,228.0,0.0,214.0,8.186357616,8.186357616,1,0,0,0,5,1
7,25,0,25,758.0,820.0,23.68,11.84,2.368,1426.0,32.0,271.0,496.0,282.0,318.0,0.0,59.0,8.801840918,8.801840918,2,0,0,0,4,1
8,25,0,25,1594.0,1618.0,12.16,6.08,1.2160000000000002,1293.0,123.0,308.0,306.0,577.0,78.0,0.0,24.0,8.327465918,8.327465918,1,617,0,0,5,1
9,25,0,25,1621.0,1647.0,10.24,5.12,1.024,1141.0,105.0,217.0,407.0,380.0,99.0,0.0,38.0,8.327465918,8.327465918,1,0,0,0,5,1
10,25,0,25,1814.0,1822.0,15.36,7.68,1.536,3413.0,121.0,1789.0,531.0,641.0,220.0,0.0,232.0,10.31121592,10.31121592,1,205,141,15,5,1
11,25,0,25,1880.0,1929.0,17.28,8.64,1.7280000000000002,2757.0,180.0,399.0,1159.0,548.0,354.0,0.0,297.0,10.16159426,10.16159426,1,0,0,0,5,1
12,25,0,25,338.0,335.0,21.76,10.88,2.176,4835.0,15.0,2005.0,1526.0,826.0,318.0,0.0,160.0,12.46746592,12.46746592,1,0,0,0,5,1
13,25,0,25,1242.0,1186.0,20.48,10.24,2.048,5156.0,34.0,690.0,2458.0,1130.0,585.0,0.0,293.0,15.54215876,15.54215876,1,0,0,0,5,1
14,25,0,25,308.0,341.0,9.6,4.8,0.96,5900.0,30.0,734.0,2640.0,1221.0,1173.0,0.0,132.0,14.446875,14.446875,1,0,0,0,5,1
15,25,0,25,0.0,0.0,8.96,4.48,0.8960000000000001,4673.0,0.0,274.0,3197.0,856.0,330.0,0.0,16.0,12.70010193,12.70010193,1,0,0,0,5,1
16,25,0,25,0.0,0.0,2.56,1.28,0.256,3061.0,0.0,444.0,1080.0,1114.0,409.0,0.0,14.0,10.54802757,10.54802757,1,0,0,0,5,1
17,25,0,25,432.0,428.0,8.96,4.48,0.8960000000000001,6340.0,30.0,657.0,3326.0,1526.0,667.0,0.0,164.0,9.254277569,9.254277569,1,0,0,0,5,1
18,25,0,25,303.0,290.0,6.4,3.2,0.6400000000000001,3218.0,14.0,596.0,1040.0,456.0,634.0,0.0,492.0,8.693652569,8.693652569,1,0,0,0,5,1
19,25,0,25,2.0,4.0,28.8,14.4,2.88,7402.0,0.0,726.0,1061.0,1238.0,635.0,0.0,3742.0,10.58697693,10.58697693,1,0,0,0,5,1
20,25,0,25,48.0,3.0,44.16,22.08,4.416,338.0,1.0,39.0,127.0,116.0,41.0,0.0,15.0,6.845225258,6.845225258,1,0,0,0,5,1
21,25,0,25,4883.0,4482.0,51.2,25.6,5.120000000000001,4690.0,215.0,352.0,2207.0,1582.0,426.0,0.0,123.0,5.887878345,5.887878345,1,4,0,0,5,1
22,25,0,25,0.0,0.0,53.120000000000005,26.56,5.312000000000001,17191.0,0.0,2196.0,5176.0,7417.0,2333.0,0.0,69.0,5.650298366,5.650298366,1,0,0,0,5,1
23,25,0,25,9.0,10.0,9.6,4.8,0.96,5366.0,1.0,1188.0,1639.0,1786.0,743.0,0.0,10.0,6.751301712,6.751301712,1,0,0,0,5,1
24,25,0,25,381.0,318.0,11.52,5.76,1.152,3369.0,23.0,856.0,765.0,1534.0,210.0,0.0,4.0,7.224753345,7.224753345,1,0,0,0,5,1
25,25,0,25,2483.0,2503.0,43.52,21.76,4.352,1425.0,114.0,500.0,359.0,379.0,105.0,0.0,82.0,7.979048366,7.979048366,2,0,0,0,4,1
26,25,0,25,1621.0,1363.0,62.72,31.36,6.272,2279.0,151.0,1021.0,563.0,392.0,257.0,0.0,46.0,11.31891289,11.31891289,2,370,0,0,4,1
27,25,0,25,3323.0,3396.0,15.36,7.68,1.536,1444.0,310.0,226.0,554.0,568.0,87.0,0.0,9.0,8.476301712,8.476301712,1,0,0,0,5,1
28,25,0,25,2607.0,2588.0,28.16,14.079999999999998,2.816,2372.0,225.0,724.0,699.0,542.0,212.0,0.0,195.0,9.726926712,9.726926712,1,0,0,0,5,1
29,25,0,25,1.0,1.0,12.16,6.08,1.2160000000000002,4729.0,0.0,291.0,610.0,1446.0,1712.0,0.0,670.0,8.518503345,8.518503345,1,0,0,0,5,1
30,25,0,25,1222.0,1188.0,9.6,4.8,0.96,1266.0,84.0,307.0,344.0,492.0,117.0,0.0,6.0,8.863503345,8.863503345,1,0,0,0,5,1
31,25,0,25,230.0,217.0,9.6,4.8,0.96,2540.0,9.0,208.0,492.0,569.0,1253.0,0.0,18.0,10.84817671,10.84817671,1,0,0,0,5,1
32,25,0,25,481.0,2.0,14.72,7.359999999999999,1.472,4757.0,0.0,486.0,1447.0,1384.0,1367.0,0.0,73.0,9.868232616,9.868232616,1,0,0,0,5,1
33,25,0,25,143.0,145.0,6.4,3.2,0.6400000000000001,10372.0,10.0,943.0,2334.0,2636.0,4405.0,0.0,54.0,9.941628345,9.941628345,1,0,90,10,5,1
34,25,0,25,682.0,633.0,3.2,1.6,0.32,3952.0,15.0,800.0,1087.0,1726.0,236.0,0.0,103.0,11.92537835,11.92537835,1,0,487,54,5,1
35,25,0,25,3.0,7.0,8.32,4.16,0.8320000000000001,17385.0,1.0,2089.0,6929.0,4843.0,3090.0,0.0,434.0,10.98035609,10.98035609,1,0,3258,362,5,1
36,25,0,25,173.0,219.0,21.76,10.88,2.176,20828.0,12.0,1854.0,6610.0,4767.0,7392.0,0.0,205.0,12.06760762,12.06760762,1,0,270,30,5,1
37,25,0,25,6.0,11.0,10.88,5.44,1.088,1441.0,1.0,742.0,325.0,165.0,138.0,0.0,71.0,12.11073262,12.11073262,1,0,0,0,5,1
38,25,0,25,0.0,0.0,3.84,1.92,0.384,10771.0,0.0,958.0,7426.0,1209.0,653.0,0.0,525.0,14.52573262,14.52573262,1,0,0,0,5,1
39,25,0,25,0.0,0.0,14.72,7.359999999999999,1.472,7108.0,0.0,3466.0,2378.0,764.0,429.0,0.0,71.0,13.07664138,13.07664138,1,0,0,0,5,1
40,25,0,25,25.0,37.0,5.76,2.88,0.576,2875.0,5.0,439.0,972.0,965.0,429.0,0.0,70.0,12.78787835,12.78787835,1,0,180,20,5,1
41,25,0,25,4.0,6.0,7.039999999999999,3.52,0.704,5340.0,3.0,984.0,1477.0,1669.0,1039.0,0.0,171.0,13.04662835,13.04662835,1,0,0,0,5,1
42,25,0,25,724.0,731.0,1.92,0.96,0.192,2109.0,28.0,447.0,767.0,426.0,350.0,0.0,119.0,14.23125,14.23125,1,0,0,0,5,1
43,25,0,25,0.0,0.0,1.92,0.96,0.192,9974.0,0.0,1361.0,3217.0,3888.0,1393.0,0.0,115.0,15.525,15.525,1,0,0,0,5,1
44,25,0,25,0.0,0.0,2.56,1.28,0.256,8285.0,0.0,755.0,4957.0,1598.0,685.0,0.0,290.0,15.740625,15.740625,1,0,0,0,5,1
45,25,0,25,18.0,36.0,5.12,2.56,0.512,6781.0,5.0,813.0,4652.0,773.0,348.0,0.0,195.0,15.740625,15.740625,1,0,0,0,5,1
46,25,0,25,49.0,49.0,5.76,2.88,0.576,3534.0,4.0,662.0,1695.0,606.0,307.0,0.0,264.0,14.95126303,14.95126303,1,0,0,0,5,1
47,25,0,25,150.0,325.0,5.76,2.88,0.576,4162.0,43.0,1867.0,957.0,729.0,268.0,0.0,341.0,13.19625,13.19625,1,0,0,0,5,1
48,25,0,25,21.0,0.0,4.48,2.24,0.448,7898.0,0.0,1911.0,3056.0,1669.0,924.0,0.0,338.0,15.309375,15.309375,1,0,0,0,5,1
49,25,0,25,0.0,0.0,1.92,0.96,0.192,3095.0,0.0,271.0,1792.0,581.0,347.0,0.0,104.0,15.223125,15.223125,1,0,0,0,5,1
50,25,0,25,296.0,419.0,12.8,6.4,1.2800000000000002,10331.0,30.0,1826.0,5143.0,1840.0,981.0,0.0,541.0,15.97340876,15.97340876,1,0,0,0,5,1
51,25,0,25,59.0,101.0,5.76,2.88,0.576,3021.0,11.0,717.0,621.0,825.0,714.0,0.0,144.0,12.43979045,12.43979045,1,0,1048,116,5,1
52,25,0,25,407.0,362.0,8.96,4.48,0.8960000000000001,10179.0,20.0,1189.0,5193.0,1642.0,1278.0,0.0,877.0,12.56916545,12.56916545,1,0,0,0,5,1
53,25,0,25,0.0,0.0,7.68,3.84,0.768,5820.0,0.0,677.0,3435.0,1122.0,456.0,0.0,130.0,14.28998981,14.28998981,1,0,0,0,5,1
54,25,0,25,0.0,0.0,2.56,1.28,0.256,2380.0,0.0,1017.0,671.0,484.0,188.0,0.0,20.0,15.223125,15.223125,1,0,0,0,5,1
55,25,0,25,8.0,9.0,3.84,1.92,0.384,3500.0,0.0,584.0,1692.0,816.0,353.0,0.0,55.0,12.40240257,12.40240257,1,0,105,11,5,1
56,25,0,25,0.0,0.0,2.56,1.28,0.256,4363.0,0.0,392.0,2445.0,837.0,542.0,0.0,147.0,12.65541545,12.65541545,1,0,0,0,5,1
57,25,0,25,0.0,0.0,5.12,2.56,0.512,4050.0,0.0,209.0,2928.0,375.0,247.0,0.0,291.0,13.51373981,13.51373981,1,0,0,0,5,1
58,25,0,25,0.0,0.0,2.56,1.28,0.256,3549.0,0.0,258.0,2604.0,428.0,200.0,0.0,59.0,14.791875,14.791875,1,0,0,0,5,1
59,25,0,25,0.0,0.0,3.2,1.6,0.32,7580.0,0.0,857.0,4448.0,1400.0,594.0,0.0,281.0,12.48865257,12.48865257,1,0,0,0,5,1
60,25,0,25,0.0,0.0,2.56,1.28,0.256,5510.0,0.0,913.0,3270.0,815.0,465.0,0.0,47.0,13.68623981,13.68623981,1,0,0,0,5,1
61,25,0,25,425.0,415.0,3.84,1.92,0.384,2502.0,43.0,788.0,671.0,724.0,246.0,0.0,73.0,10.54229045,10.54229045,1,0,0,0,5,1
62,25,0,25,1762.0,1626.0,8.96,4.48,0.8960000000000001,3809.0,107.0,752.0,1331.0,942.0,649.0,0.0,135.0,9.491675639,9.491675639,1,0,1687,187,5,1
63,25,0,25,4.0,14.0,7.68,3.84,0.768,1447.0,5.0,623.0,332.0,276.0,144.0,0.0,72.0,10.46177757,10.46177757,1,0,0,0,5,1
64,25,0,25,54.0,44.0,3.84,1.92,0.384,11671.0,1.0,1694.0,4011.0,3413.0,2366.0,0.0,187.0,11.15177757,11.15177757,1,0,0,0,5,1
65,25,0,25,99.0,119.0,7.039999999999999,3.52,0.704,8217.0,7.0,453.0,6932.0,471.0,221.0,0.0,140.0,11.02240257,11.02240257,1,0,0,0,5,1
66,25,0,25,39.0,63.0,8.32,4.16,0.8320000000000001,7056.0,3.0,767.0,4266.0,1035.0,686.0,0.0,302.0,12.56916545,12.56916545,1,0,0,0,5,1
67,25,0,25,1.0,3.0,4.48,2.24,0.448,8796.0,2.0,543.0,6102.0,1534.0,576.0,0.0,41.0,13.51373981,13.51373981,1,0,0,0,5,1
68,25,0,25,0.0,0.0,4.48,2.24,0.448,7941.0,0.0,778.0,4680.0,1720.0,687.0,0.0,76.0,16.12875,16.12875,1,0,0,0,5,1
69,25,0,25,629.0,690.0,3.84,1.92,0.384,3560.0,17.0,980.0,1245.0,675.0,521.0,0.0,139.0,9.68347526,9.68347526,1,0,422,46,5,1
70,25,0,25,480.0,548.0,5.12,2.56,0.512,6680.0,32.0,637.0,1438.0,1722.0,2754.0,0.0,129.0,9.814902569,9.814902569,1,0,0,0,5,1
71,25,0,25,0.0,0.0,81.28,40.64,8.128,208.0,0.0,82.0,92.0,23.0,11.0,0.0,0.0,8.367173366,8.367173366,1,0,0,0,5,1
72,25,0,25,264.0,254.0,7.68,3.84,0.768,13212.0,13.0,1622.0,1962.0,1043.0,1419.0,0.0,7166.0,8.130493087,8.130493087,1,0,0,0,5,1
73,25,0,25,369.0,392.0,4.48,2.24,0.448,492.0,32.0,363.0,59.0,57.0,8.0,0.0,5.0,8.259868087,8.259868087,1,0,0,0,5,1
74,25,0,25,440.0,23.0,7.68,3.84,0.768,5022.0,2.0,2156.0,801.0,1499.0,385.0,0.0,181.0,9.400381278,9.400381278,1,0,3357,373,5,1
75,25,0,25,1882.0,1801.0,5.76,2.88,0.576,2724.0,104.0,834.0,456.0,746.0,625.0,0.0,63.0,9.368764204,9.368764204,1,0,796,88,5,1
76,25,0,25,1138.0,1190.0,5.76,2.88,0.576,1702.0,84.0,609.0,399.0,519.0,105.0,0.0,70.0,9.633251323,9.633251323,1,0,0,0,5,1
77,25,0,25,1360.0,1565.0,10.88,5.44,1.088,2449.0,117.0,1044.0,628.0,294.0,210.0,0.0,273.0,9.556152569,9.556152569,1,0,0,0,5,1
78,25,0,25,1434.0,1497.0,16.64,8.32,1.664,2835.0,97.0,723.0,871.0,864.0,286.0,0.0,91.0,7.742368087,7.742368087,1,680,0,0,5,1
79,25,0,25,379.0,507.0,7.68,3.84,0.768,2126.0,68.0,1231.0,289.0,480.0,126.0,0.0,0.0,8.063506278,8.063506278,1,0,0,0,5,1
80,25,0,25,2.0,8.0,9.6,4.8,0.96,5035.0,2.0,1148.0,1263.0,2052.0,564.0,0.0,8.0,7.984588565,7.984588565,1,0,276,30,5,1
81,25,0,25,496.0,529.0,9.6,4.8,0.96,13329.0,37.0,917.0,1962.0,9533.0,891.0,0.0,26.0,8.075014204,8.075014204,1,0,2213,245,5,1
82,25,0,25,436.0,612.0,10.24,5.12,1.024,1571.0,51.0,231.0,432.0,633.0,226.0,0.0,49.0,8.233951702,8.233951702,1,0,138,15,5,1
83,25,0,25,1782.0,1818.0,19.84,9.92,1.984,1591.0,210.0,136.0,364.0,860.0,198.0,0.0,33.0,7.373506278,7.373506278,1,728,0,0,5,1
84,25,0,25,2160.0,2169.0,59.52,29.76,5.952,881.0,178.0,62.0,393.0,274.0,118.0,0.0,34.0,12.61910824,12.61910824,2,397,0,0,4,1
85,25,0,25,2613.0,2601.0,65.28,32.64,6.5280000000000005,1301.0,154.0,100.0,524.0,477.0,104.0,0.0,96.0,10.15367462,10.15367462,1,116,0,0,5,1
86,25,0,25,2294.0,2353.0,27.52,13.759999999999998,2.752,2804.0,140.0,160.0,846.0,1553.0,218.0,0.0,27.0,10.09861872,10.09861872,1,0,1465,162,5,1
87,25,0,25,708.0,563.0,10.24,5.12,1.024,1884.0,37.0,1177.0,336.0,194.0,134.0,0.0,43.0,11.06660824,11.06660824,2,0,0,0,4,1
88,25,0,25,487.0,440.0,10.88,5.44,1.088,3188.0,23.0,1343.0,832.0,593.0,348.0,0.0,72.0,10.24725691,10.24725691,1,184,0,0,5,1
89,25,0,25,207.0,202.0,4.48,2.24,0.448,2227.0,13.0,689.0,787.0,428.0,255.0,0.0,68.0,10.80788191,10.80788191,1,489,0,0,5,1
90,25,0,25,171.0,154.0,4.48,2.24,0.448,4466.0,8.0,1595.0,1565.0,905.0,306.0,0.0,95.0,9.945381908,9.945381908,1,0,0,0,5,1
91,25,0,25,355.0,345.0,10.88,5.44,1.088,2561.0,27.0,1045.0,713.0,504.0,176.0,0.0,123.0,9.960988063,9.960988063,1,0,0,0,5,1
92,25,0,25,2479.0,2380.0,54.400000000000006,27.200000000000003,5.440000000000001,1276.0,155.0,141.0,470.0,555.0,89.0,0.0,21.0,11.10973324,11.10973324,2,0,0,0,4,1
93,25,0,25,224.0,208.0,8.32,4.16,0.8320000000000001,3345.0,17.0,1678.0,730.0,474.0,293.0,0.0,170.0,11.06660824,11.06660824,2,0,663,73,4,1
94,25,0,25,670.0,650.0,10.88,5.44,1.088,1518.0,48.0,740.0,339.0,331.0,66.0,0.0,42.0,12.27410824,12.27410824,2,235,234,26,4,1
95,25,0,25,336.0,363.0,8.32,4.16,0.8320000000000001,4706.0,37.0,2308.0,1160.0,633.0,298.0,0.0,307.0,11.58410824,11.58410824,2,0,0,0,4,1
96,25,0,25,1.0,3.0,4.48,2.24,0.448,5465.0,0.0,1896.0,1043.0,1019.0,634.0,0.0,873.0,9.913282661,9.913282661,1,0,0,0,5,1
97,25,0,25,24.0,25.0,5.12,2.56,0.512,3989.0,2.0,1112.0,1618.0,681.0,330.0,0.0,248.0,9.498525753,9.498525753,1,0,0,0,5,1
98,25,0,25,2.0,6.0,5.12,2.56,0.512,3395.0,2.0,895.0,1308.0,644.0,343.0,0.0,205.0,9.357238063,9.357238063,1,0,548,60,5,1
99,25,0,25,0.0,0.0,4.48,2.24,0.448,8254.0,0.0,954.0,2116.0,1259.0,3781.0,0.0,144.0,9.913282661,9.913282661,1,0,0,0,5,1
100,25,0,25,0.0,0.0,5.12,2.56,0.512,14507.0,0.0,1687.0,4561.0,4398.0,2807.0,0.0,1054.0,9.270988063,9.270988063,1,0,0,0,5,1
101,25,0,25,474.0,502.0,10.24,5.12,1.024,2502.0,45.0,867.0,599.0,619.0,317.0,0.0,100.0,7.589113063,7.589113063,1,0,0,0,5,1
102,25,0,25,505.0,662.0,12.16,6.08,1.2160000000000002,5734.0,39.0,1509.0,2409.0,1207.0,472.0,0.0,137.0,8.41582035,8.41582035,1,0,0,0,5,1
103,25,0,25,135.0,116.0,8.96,4.48,0.8960000000000001,2949.0,14.0,1073.0,1421.0,264.0,87.0,0.0,104.0,9.772881908,9.772881908,1,0,0,0,5,1
104,25,0,25,354.0,385.0,10.88,5.44,1.088,3625.0,18.0,608.0,716.0,862.0,949.0,0.0,490.0,10.07475691,10.07475691,1,0,0,0,5,1
105,25,0,25,362.0,162.0,14.72,7.359999999999999,1.472,5397.0,17.0,2891.0,931.0,1048.0,414.0,0.0,113.0,10.46288191,10.46288191,1,0,0,0,5,1
106,25,0,25,1872.0,1874.0,36.48,18.24,3.648000000000001,15954.0,55.0,4055.0,6415.0,3414.0,1567.0,0.0,503.0,11.06660824,11.06660824,2,0,0,0,4,1
107,25,0,25,4204.0,4087.0,32.64,16.32,3.264,4083.0,279.0,823.0,1338.0,1251.0,481.0,0.0,190.0,9.12223082,9.12223082,2,0,519,57,4,1
108,25,0,25,3.0,2.0,7.039999999999999,3.52,0.704,1489.0,0.0,567.0,333.0,383.0,204.0,0.0,2.0,10.80235447,10.80235447,4,0,2265,251,2,1
109,25,0,25,1030.0,994.0,23.68,11.84,2.368,6489.0,56.0,1861.0,1180.0,1166.0,2035.0,0.0,247.0,10.30150443,10.30150443,2,0,1677,186,4,1
110,25,0,25,2186.0,2426.0,25.6,12.8,2.5600000000000005,929.0,284.0,211.0,303.0,292.0,75.0,0.0,48.0,9.36734045,9.36734045,2,0,0,0,4,1
111,25,0,25,644.0,285.0,8.32,4.16,0.8320000000000001,5078.0,11.0,582.0,2835.0,730.0,481.0,0.0,450.0,8.360782661,8.360782661,1,0,0,0,5,1
112,25,0,25,2771.0,2762.0,24.96,12.48,2.4960000000000004,1064.0,216.0,136.0,270.0,392.0,113.0,0.0,153.0,7.589113063,7.589113063,2,0,0,0,4,1
113,25,0,25,201.0,217.0,10.24,5.12,1.024,2137.0,27.0,409.0,556.0,583.0,378.0,0.0,211.0,6.569719219,6.569719219,2,0,57,6,4,1
114,25,0,25,1930.0,1537.0,30.72,15.36,3.072,1111.0,273.0,203.0,366.0,408.0,100.0,0.0,34.0,4.793338565,4.793338565,2,0,0,0,4,1
115,25,0,25,1563.0,1443.0,28.16,14.079999999999998,2.816,3488.0,34.0,617.0,802.0,816.0,680.0,0.0,573.0,4.744257221,4.744257221,1,0,0,0,5,1
116,25,0,25,2978.0,3057.0,30.72,15.36,3.072,1459.0,292.0,325.0,409.0,590.0,121.0,0.0,14.0,7.754143509,7.754143509,2,0,0,0,4,1
117,25,0,25,1621.0,1771.0,21.76,10.88,2.176,1102.0,142.0,397.0,402.0,163.0,79.0,0.0,61.0,7.002202424,7.002202424,2,0,0,0,4,1
118,25,0,25,773.0,705.0,10.88,5.44,1.088,1725.0,64.0,611.0,394.0,582.0,110.0,0.0,28.0,5.480568466,5.480568466,2,298,0,0,4,1
119,25,0,25,2337.0,2432.0,25.6,12.8,2.5600000000000005,1374.0,188.0,483.0,477.0,301.0,98.0,0.0,15.0,2.409043655,2.409043655,2,0,0,0,4,1
120,25,0,25,2164.0,2270.0,32.64,16.32,3.264,2768.0,225.0,809.0,803.0,501.0,331.0,0.0,324.0,1.632793655,1.632793655,2,292,0,0,4,1
121,25,0,25,788.0,995.0,30.08,15.04,3.008,4054.0,79.0,665.0,1003.0,587.0,1337.0,0.0,462.0,1.632793655,1.632793655,2,0,0,0,4,1
122,25,0,25,2515.0,2640.0,29.44,14.72,2.944,1814.0,237.0,327.0,472.0,764.0,177.0,0.0,74.0,3.49117743,3.49117743,2,322,0,0,4,1
123,25,0,25,2298.0,2611.0,30.72,15.36,3.072,1232.0,400.0,191.0,357.0,447.0,203.0,0.0,34.0,3.969693002,3.969693002,2,472,0,0,4,1
124,25,0,25,2043.0,1950.0,31.36,15.68,3.136,2449.0,331.0,300.0,550.0,537.0,513.0,0.0,549.0,2.34757883,2.34757883,3,0,0,0,4,1
125,25,0,25,1245.0,1196.0,14.079999999999998,7.039999999999999,1.408,345.0,94.0,33.0,119.0,146.0,43.0,0.0,4.0,2.413818934,2.413818934,3,0,194,21,4,1
126,25,0,25,316.0,375.0,16.0,8.0,1.6,5892.0,18.0,585.0,1438.0,3166.0,695.0,0.0,8.0,2.008535175,2.008535175,3,0,2340,260,4,1
127,25,0,25,1464.0,1496.0,12.16,6.08,1.2160000000000002,915.0,113.0,201.0,188.0,453.0,62.0,0.0,11.0,2.08960946,2.08960946,2,0,0,0,4,1
128,25,0,25,901.0,811.0,17.28,8.64,1.7280000000000002,11603.0,73.0,314.0,804.0,10115.0,319.0,0.0,51.0,1.982568934,1.982568934,3,0,974,108,4,1
129,25,0,25,7.0,13.0,37.76,18.88,3.776,1975.0,3.0,48.0,134.0,990.0,361.0,0.0,442.0,1.555722675,1.555722675,4,0,194,21,2,1
130,25,14,25,0.0,0.0,133.12,66.56,13.312,3669.0,0.0,263.0,541.0,600.0,1022.0,0.0,1243.0,1.158418655,1.158418655,4,0,0,0,2,1
131,25,14,25,0.0,0.0,56.96,28.48,5.696,3122.0,0.0,608.0,341.0,519.0,1524.0,0.0,130.0,1.577285175,1.577285175,4,0,0,0,2,1
132,25,14,25,0.0,0.0,47.36,23.68,4.736,6143.0,0.0,871.0,739.0,823.0,2435.0,0.0,1275.0,1.577285175,1.577285175,4,0,0,0,2,1
133,25,14,25,561.0,476.0,107.52,53.760000000000005,10.752000000000002,5162.0,34.0,2947.0,794.0,534.0,594.0,0.0,293.0,0.646875,0.646875,4,0,0,0,2,1
134,25,14,25,2198.0,2791.0,87.04,43.52,8.704,2009.0,419.0,276.0,540.0,632.0,271.0,0.0,290.0,0.474375,0.474375,2,1390,0,0,4,1
135,25,0,25,1200.0,605.0,40.32,20.16,4.032,2758.0,14.0,991.0,627.0,564.0,557.0,0.0,19.0,12.09058181,12.09058181,2,0,0,0,4,1
136,25,0,25,904.0,524.0,35.2,17.6,3.5200000000000005,17562.0,26.0,2367.0,8353.0,3074.0,2870.0,0.0,898.0,10.45183181,10.45183181,3,0,0,0,4,1
137,25,0,25,413.0,160.0,10.88,5.44,1.088,6505.0,6.0,1339.0,2773.0,700.0,1115.0,0.0,578.0,10.10683181,10.10683181,3,0,0,0,4,1
138,25,0,25,199.0,521.0,23.68,11.84,2.368,12651.0,16.0,1411.0,5927.0,2498.0,1633.0,0.0,1182.0,8.366262081,8.366262081,3,0,0,0,4,1
139,25,0,25,1158.0,1187.0,49.28,24.64,4.928000000000001,8152.0,47.0,1350.0,3076.0,2334.0,1027.0,0.0,365.0,7.848762081,7.848762081,3,0,0,0,4,1
140,25,0,25,294.0,225.0,69.12,34.56,6.912000000000001,3089.0,11.0,387.0,698.0,448.0,360.0,0.0,1196.0,7.724010047,7.724010047,4,0,0,0,2,1
141,25,0,25,0.0,0.0,71.68,35.84,7.168000000000001,2447.0,0.0,675.0,631.0,159.0,254.0,0.0,728.0,7.430968718,7.430968718,5,0,0,0,1,1
142,25,0,25,0.0,0.0,46.72,23.36,4.672,8787.0,0.0,1344.0,2479.0,1204.0,1705.0,0.0,2055.0,5.86503643,5.86503643,4,0,0,0,2,1
143,25,0,25,169.0,16.0,5.12,2.56,0.512,1598.0,0.0,340.0,552.0,349.0,207.0,0.0,150.0,10.52066535,10.52066535,2,0,0,0,4,1
144,25,0,25,83.0,128.0,17.92,8.96,1.7920000000000005,3383.0,8.0,535.0,1444.0,565.0,589.0,0.0,250.0,8.726831807,8.726831807,4,0,0,0,2,1
145,25,0,25,995.0,1303.0,32.64,16.32,3.264,7408.0,44.0,1422.0,2538.0,2045.0,1254.0,0.0,149.0,6.855040348,6.855040348,2,0,0,0,4,1
146,25,0,25,0.0,0.0,41.6,20.8,4.16,4791.0,0.0,9.0,26.0,38.0,631.0,0.0,4087.0,5.571230863,5.571230863,4,0,0,0,2,1
147,25,14,25,1556.0,1804.0,58.24,29.12,5.824,3264.0,77.0,760.0,1056.0,700.0,472.0,0.0,276.0,2.667793655,2.667793655,2,0,0,0,4,1
148,25,0,25,0.0,0.0,76.16,38.08,7.616,1959.0,0.0,674.0,588.0,459.0,215.0,0.0,23.0,7.631290348,7.631290348,4,0,0,0,2,1
149,25,14,25,0.0,0.0,4.48,2.24,0.448,1936.0,0.0,196.0,738.0,332.0,524.0,0.0,146.0,6.833991203,6.833991203,4,0,0,0,2,1
150,25,14,25,396.0,536.0,26.24,13.12,2.624000000000001,1772.0,11.0,418.0,626.0,274.0,272.0,0.0,182.0,5.86503643,5.86503643,2,0,0,0,4,1
151,25,14,25,2328.0,2702.0,51.84,25.92,5.184000000000001,1216.0,111.0,192.0,228.0,164.0,193.0,0.0,439.0,4.044439404,4.044439404,2,0,0,0,4,1
152,25,14,25,2610.0,3294.0,52.48,26.24,5.248000000000001,1550.0,573.0,178.0,335.0,602.0,355.0,0.0,80.0,1.7896875,1.7896875,2,807,0,0,4,1
153,25,14,25,1651.0,1982.0,35.84,17.92,3.5840000000000005,1682.0,148.0,208.0,233.0,520.0,206.0,0.0,515.0,0.3234375,0.3234375,2,517,0,0,4,1
154,25,14,25,1520.0,1589.0,94.72,47.36,9.472,3701.0,120.0,599.0,542.0,394.0,940.0,0.0,1226.0,0.3234375,0.3234375,2,0,0,0,4,1
155,25,14,25,2522.0,3307.0,36.48,18.24,3.648000000000001,609.0,637.0,71.0,137.0,271.0,98.0,0.0,32.0,0.5175,0.5175,2,176,0,0,4,1
156,25,14,25,3105.0,3773.0,59.52,29.76,5.952,2613.0,346.0,590.0,770.0,654.0,260.0,0.0,339.0,2.326939697,2.326939697,2,0,0,0,4,1
157,25,14,25,616.0,778.0,121.6,60.8,12.16,3595.0,39.0,563.0,926.0,184.0,855.0,0.0,1067.0,4.857555275,4.857555275,4,0,0,0,2,1
158,25,14,25,437.0,499.0,83.84,41.92,8.384,1106.0,26.0,64.0,177.0,136.0,416.0,0.0,313.0,5.461305275,5.461305275,5,0,0,0,1,1
159,25,14,25,0.0,0.0,96.0,48.0,9.6,30.0,0.0,4.0,7.0,10.0,6.0,0.0,3.0,5.461305275,5.461305275,5,0,0,0,1,1
160,25,14,25,2069.0,2490.0,143.36,71.68,14.336000000000002,708.0,184.0,143.0,145.0,278.0,104.0,0.0,38.0,4.857555275,4.857555275,3,0,0,0,4,1
161,25,14,25,1779.0,2159.0,55.03999999999999,27.52,5.504,707.0,172.0,104.0,227.0,242.0,115.0,0.0,19.0,4.469430275,4.469430275,3,238,0,0,4,1
162,25,14,25,2755.0,3061.0,64.0,32.0,6.4,438.0,255.0,37.0,146.0,182.0,62.0,0.0,11.0,3.863833542,3.863833542,3,223,0,0,4,1
163,25,14,25,2549.0,3002.0,51.84,25.92,5.184000000000001,2066.0,206.0,634.0,505.0,439.0,271.0,0.0,217.0,3.303208542,3.303208542,3,0,0,0,4,1
164,25,14,25,2755.0,3145.0,49.28,24.64,4.928000000000001,577.0,259.0,77.0,150.0,162.0,127.0,0.0,61.0,2.785708542,2.785708542,3,200,0,0,4,1
165,25,14,25,3337.0,3659.0,84.48,42.24,8.448,774.0,244.0,112.0,239.0,281.0,95.0,0.0,47.0,1.38,1.38,3,0,0,0,4,1
166,25,14,25,1015.0,1195.0,28.8,14.4,2.88,1711.0,146.0,208.0,346.0,1005.0,131.0,0.0,21.0,1.035,1.035,2,518,0,0,4,1
167,25,14,25,3560.0,2715.0,164.48000000000002,82.24000000000001,16.448000000000004,1073.0,570.0,483.0,150.0,258.0,74.0,0.0,108.0,0.129375,0.129375,2,0,0,0,4,1
168,25,12,25,479.0,329.0,56.96,28.48,5.696,585.0,9.0,102.0,206.0,192.0,67.0,0.0,18.0,8.030225965,8.030225965,4,0,0,0,2,1
169,25,12,25,2106.0,2484.0,44.16,22.08,4.416,861.0,308.0,61.0,111.0,190.0,140.0,0.0,359.0,7.586121694,7.586121694,2,214,0,0,4,1
170,25,12,25,1799.0,1961.0,23.04,11.52,2.304,494.0,238.0,131.0,93.0,116.0,64.0,0.0,90.0,6.809871694,6.809871694,2,0,0,0,4,1
171,25,12,25,975.0,1470.0,22.4,11.2,2.24,1972.0,307.0,462.0,601.0,475.0,330.0,0.0,104.0,6.809871694,6.809871694,2,71,0,0,4,1
172,25,12,25,2121.0,1952.0,40.32,20.16,4.032,456.0,341.0,94.0,155.0,139.0,46.0,0.0,22.0,6.320795691,6.320795691,2,0,0,0,4,1
173,25,12,25,1357.0,1823.0,55.67999999999999,27.84,5.568,2650.0,261.0,1170.0,333.0,588.0,385.0,0.0,174.0,5.915511932,5.915511932,2,1076,0,0,4,1
174,25,12,25,811.0,1067.0,21.76,10.88,2.176,773.0,225.0,179.0,126.0,383.0,65.0,0.0,20.0,6.835837935,6.835837935,2,0,0,0,4,1
175,25,12,25,3055.0,4391.0,85.76,42.88,8.576,1572.0,915.0,123.0,284.0,490.0,234.0,0.0,441.0,4.953925876,4.953925876,2,1178,0,0,4,1
176,25,12,25,358.0,530.0,68.48,34.24,6.848000000000001,526.0,92.0,120.0,66.0,52.0,100.0,0.0,188.0,4.880902873,4.880902873,4,0,0,0,2,1
177,25,12,25,2298.0,3175.0,38.4,19.2,3.84,1043.0,590.0,318.0,198.0,367.0,106.0,0.0,54.0,5.887087935,5.887087935,2,244,0,0,4,1
178,25,12,25,2379.0,3419.0,37.76,18.88,3.776,315.0,639.0,52.0,65.0,146.0,31.0,0.0,21.0,5.83112688,5.83112688,2,266,0,0,4,1
179,25,12,25,1315.0,2065.0,41.6,20.8,4.16,1562.0,335.0,481.0,334.0,304.0,177.0,0.0,266.0,5.83112688,5.83112688,2,0,0,0,4,1
180,25,12,25,3203.0,4422.0,63.36,31.68,6.336,1845.0,767.0,225.0,852.0,574.0,147.0,0.0,47.0,5.83112688,5.83112688,2,347,0,0,4,1
181,25,12,25,1523.0,1949.0,32.64,16.32,3.264,834.0,294.0,118.0,147.0,371.0,145.0,0.0,53.0,6.809871694,6.809871694,2,899,0,0,4,1
182,25,12,25,0.0,0.0,276.48,138.24,27.648000000000003,1122.0,0.0,546.0,113.0,133.0,128.0,0.0,202.0,5.91737688,5.91737688,4,0,0,0,2,1
183,25,12,25,521.0,538.0,83.2,41.6,8.32,3135.0,16.0,528.0,1167.0,1022.0,373.0,0.0,45.0,6.809871694,6.809871694,4,0,0,0,2,1
184,25,12,25,0.0,0.0,145.28,72.64,14.528,3070.0,0.0,199.0,378.0,271.0,437.0,0.0,1785.0,8.15710678,8.15710678,4,0,0,0,2,1
185,25,12,25,0.0,0.0,1203.84,601.92,120.384,12172.0,0.0,1250.0,662.0,432.0,2591.0,0.0,7237.0,5.529624606,5.529624606,4,0,0,0,2,1
186,25,12,25,1836.0,2445.0,127.36,63.68000000000001,12.736000000000002,2331.0,397.0,510.0,790.0,318.0,281.0,0.0,432.0,4.524735636,4.524735636,2,1297,0,0,4,1
187,25,12,25,2196.0,2221.0,165.76,82.88,16.576,4741.0,352.0,578.0,679.0,536.0,679.0,0.0,2269.0,4.524735636,4.524735636,3,0,0,0,4,1
188,25,12,25,1450.0,1857.0,67.84,33.92,6.784000000000001,510.0,291.0,168.0,101.0,174.0,45.0,0.0,22.0,4.524735636,4.524735636,2,231,0,0,4,1
189,25,12,25,1746.0,2186.0,89.60000000000001,44.8,8.96,991.0,433.0,203.0,280.0,361.0,136.0,0.0,11.0,4.524735636,4.524735636,2,248,0,0,4,1
190,25,12,25,0.0,0.0,104.96,52.48,10.496000000000002,668.0,0.0,576.0,74.0,12.0,4.0,0.0,2.0,4.524735636,4.524735636,4,0,0,0,2,1
191,25,12,25,1384.0,1707.0,294.40000000000003,147.20000000000002,29.440000000000005,1515.0,210.0,210.0,371.0,307.0,239.0,0.0,388.0,4.524735636,4.524735636,4,0,0,0,2,1
192,25,11,25,257.0,272.0,35.2,17.6,3.5200000000000005,2253.0,12.0,147.0,1353.0,223.0,200.0,0.0,330.0,5.751231155,5.751231155,4,0,0,0,2,1
193,25,11,25,759.0,410.0,55.67999999999999,27.84,5.568,5131.0,39.0,1942.0,1133.0,984.0,1013.0,0.0,59.0,5.006193466,5.006193466,2,0,917,101,4,1
194,25,11,25,1766.0,1994.0,42.24,21.12,4.224,5813.0,84.0,769.0,1905.0,1764.0,887.0,0.0,488.0,5.020876255,5.020876255,3,0,162,18,4,1
195,25,11,25,121.0,292.0,101.76,50.88,10.176000000000002,855.0,7.0,81.0,125.0,113.0,201.0,0.0,335.0,2.258106155,2.258106155,4,0,0,0,2,1
196,25,11,25,2521.0,3574.0,59.52,29.76,5.952,810.0,888.0,76.0,202.0,268.0,88.0,0.0,176.0,3.551856155,3.551856155,3,0,0,0,4,1
197,25,11,25,3309.0,3701.0,67.84,33.92,6.784000000000001,1705.0,367.0,186.0,718.0,551.0,174.0,0.0,76.0,4.198731155,4.198731155,2,370,0,0,4,1
198,25,11,25,1456.0,1438.0,64.64,32.32,6.464,8044.0,106.0,969.0,1563.0,2261.0,3027.0,0.0,224.0,3.237145099,3.237145099,2,0,0,0,4,1
199,25,11,25,1312.0,1262.0,28.8,14.4,2.88,806.0,183.0,444.0,157.0,132.0,55.0,0.0,18.0,2.215904522,2.215904522,2,0,0,0,4,1
200,25,11,25,2228.0,2513.0,40.96,20.48,4.096,1517.0,257.0,222.0,377.0,674.0,171.0,0.0,73.0,2.594850502,2.594850502,2,1364,0,0,4,1
201,25,11,25,3080.0,3514.0,78.08,39.04,7.808,1231.0,300.0,138.0,453.0,355.0,148.0,0.0,137.0,1.194663944,1.194663944,2,362,0,0,4,1
202,25,11,25,0.0,0.0,72.96000000000001,36.48,7.296000000000001,3298.0,0.0,295.0,1308.0,673.0,466.0,0.0,556.0,0.992798366,0.992798366,4,0,0,0,2,1
203,25,11,25,98.0,138.0,55.03999999999999,27.52,5.504,1572.0,5.0,211.0,511.0,562.0,237.0,0.0,51.0,2.39667839,2.39667839,4,0,10218,1135,2,1
204,25,11,25,149.0,153.0,44.8,22.4,4.48,3309.0,0.0,699.0,365.0,919.0,315.0,0.0,1011.0,0.992798366,0.992798366,4,0,2120,235,2,1
205,25,11,25,678.0,781.0,59.52,29.76,5.952,2390.0,76.0,185.0,645.0,319.0,725.0,0.0,516.0,0.992798366,0.992798366,3,0,0,0,4,1
206,25,11,25,15.0,16.0,53.760000000000005,26.880000000000003,5.376000000000001,1789.0,0.0,208.0,505.0,526.0,289.0,0.0,261.0,1.035923366,1.035923366,4,0,0,0,2,1
207,25,16,25,2053.0,2624.0,126.72,63.36,12.672,1135.0,279.0,99.0,232.0,575.0,136.0,0.0,93.0,0.844341165,0.844341165,3,0,0,0,4,1
208,25,16,25,2145.0,2455.0,119.04,59.52,11.904,1438.0,182.0,299.0,320.0,324.0,192.0,0.0,303.0,0.844341165,0.844341165,2,0,0,0,4,1
209,25,16,25,1759.0,2184.0,156.16,78.08,15.616,1331.0,221.0,205.0,378.0,561.0,162.0,0.0,25.0,0.945662104,0.945662104,3,582,391,43,4,1
210,25,16,25,866.0,859.0,152.32,76.16,15.232,1483.0,32.0,180.0,612.0,421.0,237.0,0.0,33.0,1.290662104,1.290662104,4,0,4764,529,2,1
211,25,16,25,1606.0,1787.0,120.32,60.16,12.032,2461.0,111.0,819.0,873.0,392.0,299.0,0.0,78.0,1.797266803,1.797266803,2,38,0,0,4,1
212,25,16,25,1563.0,2071.0,78.72,39.36,7.872,405.0,209.0,78.0,105.0,77.0,97.0,0.0,48.0,1.080756691,1.080756691,3,0,0,0,4,1
213,25,16,25,2242.0,2812.0,83.84,41.92,8.384,1509.0,220.0,294.0,659.0,420.0,104.0,0.0,32.0,0.844341165,0.844341165,3,265,0,0,4,1
214,25,16,25,758.0,916.0,42.24,21.12,4.224,899.0,120.0,203.0,258.0,258.0,77.0,0.0,103.0,1.18207763,1.18207763,2,155,0,0,4,1
215,25,16,25,1711.0,2040.0,72.96000000000001,36.48,7.296000000000001,320.0,196.0,27.0,140.0,80.0,44.0,0.0,29.0,1.52707763,1.52707763,2,0,63,7,4,1
216,25,16,25,1433.0,1865.0,56.96,28.48,5.696,1377.0,219.0,632.0,224.0,329.0,119.0,0.0,73.0,1.418493157,1.418493157,2,0,0,0,4,1
217,25,16,25,1992.0,1846.0,22.4,11.2,2.24,513.0,140.0,99.0,181.0,126.0,107.0,0.0,0.0,1.52707763,1.52707763,2,0,0,0,4,1
218,25,16,25,2997.0,3416.0,56.96,28.48,5.696,425.0,360.0,19.0,150.0,176.0,51.0,0.0,29.0,1.52707763,1.52707763,2,0,0,0,4,1
219,25,16,25,1946.0,1879.0,24.96,12.48,2.4960000000000004,418.0,147.0,33.0,107.0,244.0,30.0,0.0,4.0,1.52707763,1.52707763,2,0,0,0,4,1
220,25,16,25,4371.0,4506.0,56.31999999999999,28.16,5.632,889.0,281.0,151.0,238.0,432.0,55.0,0.0,13.0,1.797266803,1.797266803,2,0,0,0,4,1
221,25,16,25,1898.0,1932.0,22.4,11.2,2.24,569.0,112.0,142.0,159.0,232.0,32.0,0.0,4.0,2.033682329,2.033682329,2,115,0,0,4,1
222,25,16,25,215.0,115.0,106.24,53.120000000000005,10.624000000000002,1715.0,20.0,561.0,230.0,141.0,420.0,0.0,363.0,1.361841165,1.361841165,4,0,0,0,2,1
223,25,16,25,572.0,531.0,90.88,45.44,9.088,12459.0,55.0,1867.0,3427.0,2050.0,2512.0,0.0,2603.0,1.350945863,1.350945863,4,0,0,0,2,1
224,25,16,25,1298.0,1718.0,48.0,24.0,4.800000000000001,1303.0,267.0,232.0,401.0,199.0,186.0,0.0,285.0,1.080756691,1.080756691,2,0,0,0,4,1
225,25,16,25,1681.0,2077.0,84.48,42.24,8.448,757.0,212.0,161.0,184.0,270.0,104.0,0.0,38.0,1.080756691,1.080756691,2,333,0,0,4,1
226,25,16,25,1009.0,1107.0,39.04,19.52,3.904,8309.0,91.0,362.0,7269.0,239.0,338.0,0.0,101.0,1.18207763,1.18207763,2,52,0,0,4,1
227,25,16,25,1487.0,1639.0,55.03999999999999,27.52,5.504,2268.0,154.0,225.0,415.0,1439.0,180.0,0.0,9.0,1.418493157,1.418493157,2,781,0,0,4,1
228,25,16,25,1447.0,4137.0,37.120000000000005,18.56,3.7120000000000006,3038.0,732.0,334.0,839.0,1490.0,361.0,0.0,14.0,1.18207763,1.18207763,2,564,0,0,4,1
229,25,16,25,1493.0,1116.0,42.88,21.44,4.288,1207.0,147.0,115.0,244.0,717.0,96.0,0.0,35.0,1.418493157,1.418493157,2,0,0,0,4,1
230,25,16,25,1531.0,1698.0,46.08,23.04,4.608,1408.0,205.0,228.0,450.0,564.0,134.0,0.0,32.0,1.688682329,1.688682329,2,640,0,0,4,1
231,25,16,25,2415.0,2705.0,27.52,13.759999999999998,2.752,683.0,172.0,228.0,142.0,228.0,60.0,0.0,25.0,1.688682329,1.688682329,2,0,0,0,4,1
232,25,16,25,3201.0,3299.0,42.88,21.44,4.288,1640.0,290.0,302.0,324.0,659.0,147.0,0.0,208.0,2.303871502,2.303871502,2,0,0,0,4,1
233,25,16,25,2553.0,2687.0,23.04,11.52,2.304,1246.0,155.0,344.0,411.0,188.0,93.0,0.0,210.0,2.337645148,2.337645148,2,0,0,0,4,1
234,25,16,25,1489.0,1671.0,13.44,6.720000000000001,1.3440000000000003,383.0,222.0,117.0,99.0,118.0,27.0,0.0,22.0,1.958871502,1.958871502,2,0,0,0,4,1
235,25,16,25,1663.0,2045.0,29.44,14.72,2.944,746.0,196.0,380.0,102.0,155.0,52.0,0.0,57.0,1.958871502,1.958871502,2,0,0,0,4,1
236,25,16,25,1336.0,1621.0,26.880000000000003,13.44,2.6880000000000006,1993.0,101.0,1056.0,266.0,464.0,141.0,0.0,66.0,1.96406475,1.96406475,2,0,0,0,4,1
237,25,16,25,1428.0,1399.0,14.079999999999998,7.039999999999999,1.408,1905.0,116.0,920.0,403.0,461.0,81.0,0.0,40.0,1.96406475,1.96406475,2,0,0,0,4,1
238,25,16,25,325.0,742.0,147.20000000000002,73.60000000000001,14.720000000000002,1261.0,92.0,115.0,249.0,313.0,571.0,0.0,13.0,2.91951688,2.91951688,4,0,0,0,2,1
239,25,16,25,441.0,327.0,107.52,53.760000000000005,10.752000000000002,4151.0,28.0,409.0,886.0,598.0,769.0,0.0,1489.0,3.324800639,3.324800639,4,0,0,0,2,1
240,25,16,25,1404.0,1807.0,58.88,29.44,5.888,2774.0,220.0,394.0,891.0,841.0,357.0,0.0,291.0,2.115756691,2.115756691,3,0,0,0,4,1
241,25,16,25,335.0,418.0,41.6,20.8,4.16,951.0,35.0,593.0,81.0,50.0,52.0,0.0,175.0,2.115756691,2.115756691,4,0,0,0,2,1
242,25,16,25,1222.0,1469.0,63.36,31.68,6.336,2228.0,157.0,302.0,403.0,892.0,423.0,0.0,208.0,1.868445863,1.868445863,2,602,0,0,4,1
243,25,16,25,1883.0,2543.0,80.0,40.0,8.0,1009.0,342.0,151.0,465.0,197.0,123.0,0.0,73.0,2.59988941,2.59988941,2,0,0,0,4,1
244,25,16,25,1561.0,1587.0,99.2,49.6,9.920000000000002,3436.0,160.0,411.0,929.0,861.0,986.0,0.0,249.0,3.845022926,3.845022926,2,0,702,78,4,1
245,25,16,25,136.0,225.0,92.8,46.4,9.28,961.0,30.0,101.0,143.0,109.0,201.0,0.0,407.0,2.583502625,2.583502625,4,0,423,47,2,1
246,25,16,25,0.0,0.0,147.20000000000002,73.60000000000001,14.720000000000002,1242.0,0.0,580.0,163.0,187.0,117.0,0.0,195.0,2.684069124,2.684069124,4,0,0,0,2,1
247,25,16,25,1036.0,1489.0,39.04,19.52,3.904,2046.0,128.0,506.0,439.0,259.0,292.0,0.0,550.0,1.437195863,1.437195863,2,0,0,0,4,1
248,25,16,25,926.0,1375.0,28.8,14.4,2.88,1733.0,132.0,805.0,262.0,216.0,165.0,0.0,285.0,1.621135036,1.621135036,2,30,0,0,4,1
249,25,16,25,1903.0,2501.0,39.68,19.84,3.968,808.0,236.0,163.0,264.0,248.0,81.0,0.0,52.0,1.741158683,1.741158683,2,0,0,0,4,1
250,25,16,25,972.0,1035.0,26.880000000000003,13.44,2.6880000000000006,2196.0,73.0,723.0,459.0,646.0,226.0,0.0,142.0,2.879447469,2.879447469,2,0,246,27,4,1
251,25,16,25,3.0,4.0,23.68,11.84,2.368,2601.0,0.0,591.0,725.0,951.0,318.0,0.0,16.0,5.10742996,5.10742996,4,0,4468,496,2,1
252,25,16,25,0.0,0.0,17.92,8.96,1.7920000000000005,1757.0,0.0,545.0,330.0,573.0,250.0,0.0,59.0,3.217183935,3.217183935,4,1166,2026,225,2,1
253,25,16,25,37.0,10.0,42.24,21.12,4.224,4341.0,1.0,758.0,1049.0,1444.0,1084.0,0.0,6.0,6.228291349,6.228291349,4,193,3603,400,2,1
254,25,16,25,180.0,188.0,31.36,15.68,3.136,1084.0,48.0,148.0,300.0,437.0,194.0,0.0,5.0,7.511440859,7.511440859,4,0,2429,269,2,1
255,25,16,25,102.0,106.0,9.6,4.8,0.96,1101.0,12.0,187.0,245.0,541.0,123.0,0.0,5.0,7.90047101,7.90047101,4,0,2341,260,2,1
256,25,16,25,977.0,983.0,48.64,24.32,4.864000000000001,14066.0,116.0,706.0,417.0,12541.0,227.0,0.0,175.0,8.652835534,8.652835534,2,0,1271,141,4,1
257,25,16,25,1358.0,1284.0,38.4,19.2,3.84,687.0,114.0,269.0,139.0,150.0,74.0,0.0,55.0,9.846576112,9.846576112,2,0,332,36,4,1
258,25,16,25,670.0,695.0,23.68,11.84,2.368,3822.0,83.0,996.0,1028.0,1323.0,457.0,0.0,18.0,7.90047101,7.90047101,2,0,5613,623,4,1
259,25,16,25,1612.0,1526.0,26.24,13.12,2.624000000000001,3953.0,157.0,1474.0,969.0,1114.0,335.0,0.0,61.0,10.05211694,10.05211694,2,0,0,0,4,1
260,25,16,25,1043.0,1099.0,21.12,10.56,2.112,801.0,161.0,231.0,232.0,274.0,59.0,0.0,5.0,6.86547101,6.86547101,2,0,1557,173,4,1
261,25,16,25,1397.0,1401.0,17.28,8.64,1.7280000000000002,574.0,132.0,169.0,192.0,145.0,46.0,0.0,22.0,6.86547101,6.86547101,2,0,130,14,4,1
262,25,16,25,843.0,197.0,30.08,15.04,3.008,3768.0,20.0,738.0,1392.0,1253.0,341.0,0.0,44.0,6.069016237,6.069016237,4,0,0,0,2,1
263,25,16,25,0.0,0.0,19.2,9.6,1.92,5142.0,0.0,3643.0,558.0,657.0,270.0,0.0,14.0,7.90047101,7.90047101,4,0,0,0,2,1
264,25,16,25,886.0,857.0,26.24,13.12,2.624000000000001,829.0,60.0,62.0,265.0,319.0,152.0,0.0,31.0,8.077491316,8.077491316,2,0,206,22,4,1
265,25,16,25,1164.0,1171.0,27.52,13.759999999999998,2.752,2123.0,116.0,600.0,500.0,687.0,276.0,0.0,60.0,9.618734496,9.618734496,2,0,1492,165,4,1
266,25,16,25,3064.0,3081.0,12.16,6.08,1.2160000000000002,1171.0,183.0,34.0,460.0,440.0,40.0,0.0,197.0,10.68203944,10.68203944,2,0,412,45,4,1
267,25,16,25,1050.0,962.0,6.4,3.2,0.6400000000000001,1150.0,58.0,583.0,158.0,303.0,74.0,0.0,32.0,9.628663185,9.628663185,2,0,412,45,4,1
268,25,16,25,2119.0,2479.0,19.2,9.6,1.92,4429.0,102.0,1431.0,915.0,843.0,652.0,0.0,588.0,7.35543395,7.35543395,2,0,0,0,4,1
269,25,16,25,2364.0,2596.0,17.28,8.64,1.7280000000000002,1961.0,132.0,683.0,367.0,579.0,295.0,0.0,37.0,6.675518122,6.675518122,2,0,0,0,4,1
270,25,16,25,2192.0,2078.0,15.36,7.68,1.536,888.0,154.0,135.0,149.0,278.0,65.0,0.0,261.0,6.675518122,6.675518122,2,0,0,0,4,1
271,25,16,25,2638.0,2517.0,42.24,21.12,4.224,730.0,140.0,77.0,177.0,399.0,65.0,0.0,12.0,6.990885047,6.990885047,2,0,0,0,4,1
272,25,16,25,653.0,620.0,25.6,12.8,2.5600000000000005,210.0,73.0,18.0,53.0,121.0,17.0,0.0,1.0,7.921216911,7.921216911,2,383,1670,185,4,1
273,25,16,25,2314.0,2546.0,15.36,7.68,1.536,1746.0,204.0,726.0,470.0,461.0,75.0,0.0,14.0,10.16453944,10.16453944,2,0,636,70,4,1
274,25,16,25,199.0,194.0,25.6,12.8,2.5600000000000005,3063.0,33.0,1276.0,665.0,836.0,285.0,0.0,1.0,6.917471103,6.917471103,4,0,138,15,2,1
275,25,16,25,880.0,877.0,9.6,4.8,0.96,137.0,109.0,3.0,81.0,33.0,19.0,0.0,1.0,8.208271855,8.208271855,2,0,1670,185,4,1
276,25,16,25,635.0,702.0,10.24,5.12,1.024,1526.0,91.0,878.0,183.0,278.0,132.0,0.0,55.0,7.3273956,7.3273956,2,0,1670,185,4,1
277,25,15,25,711.0,586.0,57.6,28.8,5.76,9983.0,46.0,1219.0,2208.0,5477.0,1030.0,0.0,49.0,8.444143509,8.444143509,4,0,6275,697,2,1
278,25,15,25,7.0,9.0,30.08,15.04,3.008,2964.0,0.0,425.0,961.0,1106.0,449.0,0.0,23.0,5.794494803,5.794494803,4,0,5516,612,2,1
279,25,16,25,261.0,253.0,40.32,20.16,4.032,2571.0,35.0,290.0,526.0,1310.0,308.0,0.0,137.0,6.639421482,6.639421482,4,471,2346,260,2,1
280,25,16,25,2.0,6.0,46.08,23.04,4.608,11015.0,0.0,1467.0,3219.0,4915.0,1404.0,0.0,10.0,6.424719848,6.424719848,4,0,3264,362,2,1
281,25,16,25,1.0,2.0,23.04,11.52,2.304,3425.0,0.0,397.0,623.0,2111.0,294.0,0.0,0.0,6.942219848,6.942219848,4,2440,11322,1258,2,1
282,25,16,25,400.0,367.0,16.0,8.0,1.6,1996.0,69.0,391.0,464.0,910.0,208.0,0.0,23.0,6.47519535,6.47519535,2,0,1920,213,4,1
283,25,16,25,5.0,3.0,11.52,5.76,1.152,2446.0,2.0,320.0,768.0,1014.0,340.0,0.0,4.0,6.258931554,6.258931554,4,0,0,0,2,1
284,25,16,25,275.0,366.0,11.52,5.76,1.152,5650.0,2.0,940.0,1788.0,1860.0,993.0,0.0,69.0,6.258931554,6.258931554,2,0,0,0,4,1
285,25,16,25,271.0,255.0,8.32,4.16,0.8320000000000001,5387.0,30.0,1048.0,1394.0,1938.0,844.0,0.0,163.0,6.258931554,6.258931554,2,0,698,77,4,1
286,25,16,25,2.0,6.0,23.68,11.84,2.368,14713.0,0.0,1908.0,4208.0,6605.0,1924.0,0.0,68.0,7.035181554,7.035181554,4,0,1952,216,2,1
287,25,16,25,0.0,0.0,10.88,5.44,1.088,12886.0,0.0,1741.0,4162.0,5071.0,1853.0,0.0,59.0,6.603931554,6.603931554,4,0,0,0,2,1
288,25,15,25,0.0,0.0,20.48,10.24,2.048,1119.0,0.0,111.0,221.0,685.0,101.0,0.0,1.0,6.82019535,6.82019535,4,0,3140,348,2,1
289,25,15,25,937.0,1308.0,35.84,17.92,3.5840000000000005,545.0,223.0,103.0,175.0,175.0,87.0,0.0,5.0,5.563885831,5.563885831,2,0,724,80,4,1
290,25,15,25,313.0,567.0,18.56,9.28,1.8560000000000003,8539.0,17.0,783.0,1872.0,2485.0,3395.0,0.0,4.0,5.888742757,5.888742757,2,0,1191,132,4,1
291,25,15,25,1919.0,2679.0,62.08,31.04,6.208,1627.0,478.0,215.0,430.0,668.0,286.0,0.0,28.0,6.863604921,6.863604921,2,798,0,0,4,1
292,25,15,25,2486.0,2674.0,28.16,14.079999999999998,2.816,2171.0,214.0,829.0,501.0,650.0,160.0,0.0,31.0,6.733306554,6.733306554,2,0,104,11,4,1
293,25,16,25,2666.0,2857.0,41.6,20.8,4.16,3868.0,476.0,489.0,1327.0,1498.0,471.0,0.0,83.0,6.603931554,6.603931554,2,0,0,0,4,1
294,25,15,25,3208.0,4367.0,80.0,40.0,8.0,1360.0,471.0,267.0,419.0,443.0,191.0,0.0,40.0,6.302056554,6.302056554,2,0,0,0,4,1
295,25,15,25,277.0,185.0,40.96,20.48,4.096,1848.0,15.0,211.0,516.0,885.0,225.0,0.0,11.0,5.612056554,5.612056554,4,0,0,0,2,1
296,25,15,25,2242.0,2844.0,53.120000000000005,26.56,5.312000000000001,1516.0,272.0,163.0,277.0,589.0,367.0,0.0,120.0,5.957056554,5.957056554,2,1518,0,0,4,1
297,25,15,25,923.0,854.0,55.03999999999999,27.52,5.504,1539.0,43.0,178.0,302.0,443.0,610.0,0.0,6.0,4.275181554,4.275181554,2,0,0,0,4,1
298,25,15,25,226.0,0.0,25.6,12.8,2.5600000000000005,2081.0,0.0,263.0,647.0,866.0,302.0,0.0,3.0,5.051431554,5.051431554,4,646,0,0,2,1
299,25,15,25,1528.0,2254.0,59.52,29.76,5.952,2243.0,259.0,203.0,995.0,418.0,550.0,0.0,77.0,3.40541802,3.40541802,2,0,0,0,4,1
300,25,15,25,1451.0,1517.0,47.36,23.68,4.736,317.0,90.0,21.0,154.0,103.0,26.0,0.0,13.0,3.40541802,3.40541802,2,0,0,0,4,1
301,25,15,25,1552.0,1997.0,37.120000000000005,18.56,3.7120000000000006,946.0,479.0,271.0,187.0,416.0,66.0,0.0,6.0,3.952007223,3.952007223,2,0,0,0,4,1
302,25,15,25,1795.0,1967.0,156.16,78.08,15.616,1395.0,118.0,231.0,303.0,589.0,229.0,0.0,43.0,3.40541802,3.40541802,2,865,0,0,4,1
303,25,15,25,2138.0,2613.0,63.36,31.68,6.336,839.0,230.0,120.0,229.0,229.0,203.0,0.0,58.0,3.40541802,3.40541802,2,0,0,0,4,1
304,25,15,25,1789.0,2365.0,56.31999999999999,28.16,5.632,1003.0,306.0,250.0,218.0,335.0,116.0,0.0,84.0,3.40541802,3.40541802,2,416,0,0,4,1
305,25,15,25,2257.0,2610.0,99.84,49.92,9.984000000000002,1151.0,302.0,131.0,268.0,562.0,131.0,0.0,59.0,3.40541802,3.40541802,2,0,0,0,4,1
306,25,15,25,1391.0,1617.0,446.08,223.04,44.608,5476.0,209.0,380.0,877.0,3610.0,472.0,0.0,137.0,1.326506037,1.326506037,4,532,0,0,2,1
307,25,15,25,1567.0,1892.0,104.32,52.16,10.432000000000002,1753.0,209.0,482.0,467.0,485.0,162.0,0.0,157.0,2.97416802,2.97416802,2,0,0,0,4,1
308,25,15,25,1976.0,2174.0,92.16,46.08,9.216,2070.0,158.0,416.0,556.0,661.0,344.0,0.0,93.0,2.46498423,2.46498423,2,501,0,0,4,1
309,25,15,25,2868.0,3267.0,97.92,48.96,9.792000000000002,1085.0,341.0,232.0,353.0,298.0,161.0,0.0,41.0,2.128300441,2.128300441,2,0,0,0,4,1
310,25,15,25,202.0,219.0,252.8,126.4,25.28,1800.0,34.0,170.0,331.0,1003.0,289.0,0.0,7.0,1.326506037,1.326506037,4,0,0,0,2,1
312,25,15,25,2201.0,2663.0,29.44,14.72,2.944,1680.0,284.0,648.0,413.0,440.0,161.0,0.0,18.0,7.838564991,7.838564991,2,20,1191,132,4,1
313,25,15,25,3024.0,3727.0,49.92,24.96,4.992000000000001,684.0,747.0,121.0,245.0,215.0,91.0,0.0,12.0,3.31867743,3.31867743,2,0,0,0,4,1
314,25,15,25,1803.0,1991.0,45.44,22.72,4.544,6460.0,334.0,857.0,2083.0,2530.0,940.0,0.0,50.0,3.495318002,3.495318002,2,0,0,0,4,1
315,25,15,25,265.0,207.0,26.880000000000003,13.44,2.6880000000000006,2632.0,3.0,360.0,460.0,396.0,308.0,0.0,1108.0,1.982568934,1.982568934,4,0,382,42,2,1
316,25,14,25,400.0,499.0,80.0,40.0,8.0,3870.0,90.0,937.0,447.0,351.0,1117.0,0.0,1018.0,1.577285175,1.577285175,4,0,0,0,2,1
317,25,14,25,1689.0,2482.0,96.64,48.32,9.664,2799.0,546.0,317.0,639.0,828.0,532.0,0.0,483.0,1.232285175,1.232285175,3,431,0,0,4,1
318,25,14,25,66.0,94.0,31.36,15.68,3.136,547.0,15.0,13.0,16.0,9.0,142.0,0.0,367.0,0.889113693,0.889113693,4,0,0,0,2,1
319,25,14,25,1248.0,1798.0,47.36,23.68,4.736,1061.0,341.0,364.0,234.0,184.0,205.0,0.0,74.0,0.889113693,0.889113693,2,0,0,0,4,1
320,25,15,25,1486.0,1455.0,27.52,13.759999999999998,2.752,288.0,303.0,15.0,134.0,82.0,49.0,0.0,8.0,5.34555243,5.34555243,2,0,0,0,4,1
321,25,15,25,517.0,442.0,55.03999999999999,27.52,5.504,1619.0,79.0,116.0,258.0,869.0,146.0,0.0,230.0,4.241718888,4.241718888,4,2393,0,0,2,1
322,25,15,25,1014.0,954.0,56.31999999999999,28.16,5.632,4852.0,128.0,818.0,1044.0,1678.0,1048.0,0.0,264.0,4.00867743,4.00867743,2,245,0,0,4,1
323,25,15,25,2501.0,3178.0,113.28,56.64,11.328,3980.0,702.0,468.0,1043.0,1894.0,504.0,0.0,71.0,2.73648446,2.73648446,3,1777,0,0,4,1
324,25,15,25,429.0,525.0,42.88,21.44,4.288,2506.0,46.0,1120.0,362.0,854.0,154.0,0.0,16.0,4.447681554,4.447681554,3,344,1506,167,4,1
325,25,15,25,1852.0,2288.0,79.36,39.68,7.936,1583.0,295.0,154.0,500.0,580.0,291.0,0.0,58.0,4.084341729,4.084341729,2,136,0,0,4,1
326,25,15,25,1369.0,1632.0,74.24000000000001,37.120000000000005,7.424000000000001,665.0,333.0,47.0,174.0,276.0,103.0,0.0,65.0,3.185928362,3.185928362,2,532,0,0,4,1
327,25,15,25,1258.0,1469.0,46.72,23.36,4.672,919.0,286.0,517.0,163.0,170.0,61.0,0.0,8.0,1.749785175,1.749785175,3,0,0,0,4,1
328,25,15,25,2222.0,2753.0,75.52,37.76,7.552,681.0,479.0,104.0,162.0,185.0,196.0,0.0,34.0,1.749785175,1.749785175,3,0,0,0,4,1
329,25,14,25,1702.0,2504.0,78.08,39.04,7.808,1012.0,574.0,145.0,207.0,278.0,176.0,0.0,206.0,1.232285175,1.232285175,3,0,0,0,4,1
330,25,14,25,2103.0,2770.0,97.28,48.64,9.728000000000002,810.0,602.0,67.0,196.0,382.0,118.0,0.0,47.0,0.646875,0.646875,3,273,0,0,4,1
331,25,14,25,1277.0,1629.0,42.88,21.44,4.288,860.0,261.0,157.0,202.0,314.0,137.0,0.0,50.0,0.646875,0.646875,3,0,0,0,4,1
332,25,15,25,1528.0,1840.0,88.96000000000001,44.48,8.896,650.0,190.0,88.0,151.0,163.0,188.0,0.0,60.0,4.016431554,4.016431554,2,0,0,0,4,1
333,25,15,25,2819.0,3096.0,80.64,40.32,8.064,2343.0,636.0,272.0,353.0,1296.0,326.0,0.0,96.0,3.57791802,3.57791802,2,0,0,0,4,1
334,25,15,25,2477.0,2826.0,73.60000000000001,36.8,7.360000000000001,1229.0,509.0,155.0,358.0,456.0,240.0,0.0,20.0,2.93104302,2.93104302,2,139,0,0,4,1
335,25,15,25,1655.0,2147.0,65.92,32.96,6.5920000000000005,655.0,397.0,48.0,147.0,350.0,88.0,0.0,22.0,1.845282948,1.845282948,3,834,0,0,4,1
336,25,15,25,1552.0,1886.0,74.24000000000001,37.120000000000005,7.424000000000001,1340.0,351.0,112.0,323.0,702.0,164.0,0.0,39.0,1.742521641,1.742521641,3,2068,0,0,4,1
337,25,15,25,1391.0,1825.0,57.6,28.8,5.76,1360.0,371.0,181.0,373.0,532.0,216.0,0.0,58.0,0.995360844,0.995360844,3,137,0,0,4,1
338,25,14,25,2542.0,3669.0,90.88,45.44,9.088,891.0,825.0,73.0,274.0,354.0,123.0,0.0,67.0,0.409950669,0.409950669,3,886,0,0,4,1
339,25,14,25,1661.0,2189.0,68.48,34.24,6.848000000000001,1772.0,486.0,650.0,308.0,554.0,230.0,0.0,30.0,0.639611466,0.639611466,3,403,0,0,4,1
340,25,15,25,2993.0,3755.0,74.24000000000001,37.120000000000005,7.424000000000001,453.0,830.0,69.0,165.0,124.0,67.0,0.0,28.0,2.75854302,2.75854302,3,0,0,0,4,1
341,25,15,25,2432.0,3307.0,49.28,24.64,4.928000000000001,506.0,737.0,66.0,188.0,159.0,62.0,0.0,31.0,0.639611466,0.639611466,3,66,0,0,4,1
342,25,14,25,2279.0,3010.0,65.92,32.96,6.5920000000000005,1095.0,767.0,199.0,257.0,416.0,134.0,0.0,89.0,0.467111466,0.467111466,3,0,0,0,4,1
343,25,15,25,2039.0,2495.0,88.96000000000001,44.48,8.896,3615.0,285.0,702.0,749.0,940.0,690.0,0.0,534.0,3.40541802,3.40541802,2,317,0,0,4,1
344,25,15,25,2419.0,3109.0,84.48,42.24,8.448,1247.0,479.0,171.0,242.0,579.0,164.0,0.0,91.0,3.23291802,3.23291802,2,445,0,0,4,1
345,25,15,25,1773.0,2073.0,78.72,39.36,7.872,2181.0,275.0,456.0,354.0,1025.0,213.0,0.0,133.0,2.46498423,2.46498423,2,566,0,0,4,1
346,25,15,25,5.0,2.0,459.52,229.76,45.952,597.0,0.0,362.0,97.0,103.0,33.0,0.0,2.0,2.20623423,2.20623423,4,0,0,0,2,1
347,25,15,25,724.0,636.0,56.96,28.48,5.696,1916.0,54.0,278.0,698.0,453.0,375.0,0.0,112.0,1.603449939,1.603449939,4,0,0,0,2,1
348,25,15,25,2073.0,2089.0,90.24,45.12,9.024,1101.0,203.0,239.0,214.0,287.0,242.0,0.0,119.0,1.540587089,1.540587089,2,0,0,0,4,1
349,25,15,25,7.0,10.0,310.4,155.2,31.04,2048.0,1.0,126.0,343.0,1381.0,192.0,0.0,6.0,0.621435097,0.621435097,4,0,0,0,2,1
350,25,15,25,1343.0,1947.0,87.04,43.52,8.704,992.0,425.0,109.0,260.0,270.0,342.0,0.0,11.0,0.668718202,0.668718202,3,0,0,0,4,1
351,25,15,25,234.0,388.0,192.64,96.32,19.264,1233.0,63.0,136.0,477.0,247.0,353.0,0.0,20.0,0.763284413,0.763284413,4,0,0,0,2,1
352,25,15,25,1173.0,1693.0,44.16,22.08,4.416,1347.0,426.0,164.0,250.0,438.0,449.0,0.0,46.0,0.668718202,0.668718202,3,0,0,0,4,1
353,25,14,25,1561.0,2069.0,46.72,23.36,4.672,487.0,315.0,108.0,88.0,152.0,58.0,0.0,81.0,0.646875,0.646875,2,0,0,0,4,1
354,25,14,25,3094.0,4329.0,81.92,40.96,8.192,822.0,666.0,181.0,256.0,249.0,106.0,0.0,30.0,0.129375,0.129375,2,0,0,0,4,1
355,25,14,25,80.0,205.0,41.6,20.8,4.16,876.0,28.0,111.0,222.0,235.0,304.0,0.0,4.0,0.129375,0.129375,4,0,0,0,2,1
356,25,14,25,2319.0,2675.0,57.6,28.8,5.76,762.0,428.0,46.0,414.0,224.0,51.0,0.0,27.0,0.0,0.0,2,0,0,0,4,1
357,25,14,25,167.0,412.0,108.8,54.400000000000006,10.880000000000004,4957.0,44.0,744.0,1524.0,1826.0,837.0,0.0,26.0,0.0,0.0,4,0,14390,1598,2,1
358,25,14,25,627.0,713.0,90.88,45.44,9.088,1219.0,77.0,121.0,330.0,590.0,149.0,0.0,29.0,0.129375,0.129375,4,2174,0,0,2,1
359,25,14,25,347.0,463.0,48.0,24.0,4.800000000000001,7213.0,40.0,364.0,973.0,647.0,3437.0,0.0,1792.0,0.129375,0.129375,4,0,0,0,2,1
360,25,14,25,1275.0,1375.0,136.96,68.48,13.696000000000002,320.0,137.0,22.0,95.0,117.0,51.0,0.0,35.0,0.129375,0.129375,4,0,0,0,2,1
361,25,14,25,1937.0,2688.0,62.72,31.36,6.272,749.0,479.0,188.0,264.0,193.0,76.0,0.0,28.0,0.129375,0.129375,2,270,0,0,4,1
362,25,14,25,1789.0,2387.0,65.28,32.64,6.5280000000000005,999.0,421.0,178.0,190.0,380.0,220.0,0.0,31.0,0.301875,0.301875,2,244,0,0,4,1
363,25,14,25,1201.0,1259.0,81.92,40.96,8.192,2432.0,182.0,484.0,783.0,531.0,283.0,0.0,351.0,0.129375,0.129375,3,0,0,0,4,1
364,25,14,25,2158.0,3165.0,71.04,35.52,7.104000000000001,1064.0,694.0,153.0,245.0,344.0,185.0,0.0,137.0,0.301875,0.301875,2,0,0,0,4,1
365,25,14,25,2044.0,2931.0,89.60000000000001,44.8,8.96,4093.0,666.0,1476.0,530.0,1054.0,296.0,0.0,737.0,0.129375,0.129375,2,703,141,15,4,1
366,25,14,25,2334.0,3438.0,109.44,54.720000000000006,10.944000000000004,1616.0,666.0,191.0,270.0,729.0,276.0,0.0,150.0,0.129375,0.129375,3,784,0,0,4,1
367,25,14,25,1704.0,2503.0,65.92,32.96,6.5920000000000005,428.0,511.0,95.0,112.0,136.0,68.0,0.0,17.0,0.129375,0.129375,2,0,0,0,4,1
368,25,14,25,1637.0,2261.0,53.760000000000005,26.880000000000003,5.376000000000001,1058.0,464.0,240.0,223.0,339.0,193.0,0.0,63.0,0.129375,0.129375,2,815,0,0,4,1
369,25,14,25,2274.0,3502.0,83.2,41.6,8.32,597.0,837.0,60.0,160.0,222.0,127.0,0.0,28.0,0.271224316,0.271224316,2,668,0,0,4,1
370,25,14,25,2919.0,4374.0,134.4,67.2,13.44,1228.0,949.0,337.0,261.0,343.0,224.0,0.0,63.0,0.467111466,0.467111466,2,0,0,0,4,1
371,25,14,25,2815.0,3815.0,99.84,49.92,9.984000000000002,677.0,828.0,121.0,147.0,265.0,117.0,0.0,27.0,0.467111466,0.467111466,3,347,0,0,4,1
372,25,14,25,1687.0,2079.0,116.48,58.24,11.648,749.0,496.0,117.0,160.0,311.0,134.0,0.0,27.0,0.479585781,0.479585781,3,593,0,0,4,1
373,25,14,25,1986.0,2955.0,84.48,42.24,8.448,1152.0,722.0,320.0,251.0,410.0,147.0,0.0,24.0,0.608960781,0.608960781,2,310,0,0,4,1
374,25,14,25,1238.0,1709.0,69.76,34.88,6.976000000000001,939.0,357.0,156.0,192.0,321.0,242.0,0.0,28.0,0.497507748,0.497507748,2,0,0,0,4,1
375,25,14,25,1110.0,1707.0,73.60000000000001,36.8,7.360000000000001,1991.0,404.0,1318.0,209.0,327.0,94.0,0.0,43.0,0.389432079,0.389432079,2,224,0,0,4,1
376,25,14,25,711.0,939.0,26.24,13.12,2.624000000000001,1493.0,169.0,318.0,303.0,376.0,396.0,0.0,100.0,0.389432079,0.389432079,2,0,0,0,4,1
377,25,14,25,565.0,738.0,72.32000000000001,36.16,7.232000000000001,2228.0,134.0,165.0,263.0,501.0,721.0,0.0,578.0,0.389432079,0.389432079,4,871,0,0,2,1
378,25,14,25,638.0,880.0,135.68,67.84,13.568,1002.0,144.0,455.0,135.0,136.0,168.0,0.0,108.0,0.129375,0.129375,4,0,0,0,2,1
379,25,14,25,2364.0,3315.0,100.48,50.24,10.048000000000002,1053.0,807.0,145.0,184.0,509.0,143.0,0.0,72.0,0.668718202,0.668718202,3,0,0,0,4,1
380,25,14,25,1854.0,2836.0,103.68,51.84,10.368000000000002,2240.0,558.0,202.0,719.0,818.0,344.0,0.0,157.0,0.597793545,0.597793545,2,1396,0,0,4,1
381,25,14,25,1432.0,1786.0,68.48,34.24,6.848000000000001,943.0,333.0,216.0,199.0,376.0,127.0,0.0,25.0,0.716001308,0.716001308,2,0,0,0,4,1
382,25,14,25,1686.0,2350.0,51.84,25.92,5.184000000000001,1870.0,566.0,156.0,361.0,971.0,234.0,0.0,148.0,0.486340511,0.486340511,2,0,0,0,4,1
383,25,14,25,2279.0,3173.0,69.12,34.56,6.912000000000001,790.0,584.0,87.0,140.0,459.0,73.0,0.0,31.0,0.389432079,0.389432079,2,0,0,0,4,1
384,25,14,25,1902.0,2439.0,52.48,26.24,5.248000000000001,855.0,386.0,172.0,110.0,374.0,101.0,0.0,98.0,0.520114157,0.520114157,2,0,0,0,4,1
385,25,14,25,2027.0,2604.0,71.04,35.52,7.104000000000001,316.0,447.0,59.0,99.0,84.0,43.0,0.0,31.0,0.520114157,0.520114157,2,0,0,0,4,1
386,25,14,25,1921.0,2263.0,104.96,52.48,10.496000000000002,2140.0,251.0,514.0,366.0,1039.0,167.0,0.0,54.0,0.520114157,0.520114157,3,606,0,0,4,1
387,25,14,25,670.0,698.0,173.44,86.72,17.344,3575.0,81.0,1014.0,727.0,940.0,502.0,0.0,392.0,0.520114157,0.520114157,4,0,0,0,2,1
388,25,14,25,1883.0,2784.0,87.04,43.52,8.704,791.0,614.0,81.0,206.0,337.0,142.0,0.0,25.0,0.668718202,0.668718202,3,245,0,0,4,1
389,25,14,25,2516.0,3500.0,126.08,63.040000000000006,12.608000000000002,869.0,687.0,129.0,162.0,330.0,170.0,0.0,78.0,0.597793545,0.597793545,3,369,0,0,4,1
390,25,14,25,1643.0,2256.0,69.12,34.56,6.912000000000001,421.0,459.0,70.0,108.0,104.0,76.0,0.0,63.0,0.716001308,0.716001308,2,0,0,0,4,1
391,25,14,25,1507.0,1977.0,67.84,33.92,6.784000000000001,796.0,292.0,101.0,150.0,439.0,81.0,0.0,25.0,0.628189826,0.628189826,2,621,0,0,4,1
392,25,14,25,2456.0,3106.0,119.68,59.84,11.968000000000002,749.0,529.0,138.0,236.0,245.0,97.0,0.0,33.0,0.520114157,0.520114157,2,0,0,0,4,1
393,25,14,25,2018.0,2614.0,106.88,53.440000000000005,10.688000000000002,2080.0,374.0,670.0,527.0,415.0,389.0,0.0,79.0,0.520114157,0.520114157,2,269,0,0,4,1
394,25,14,25,2087.0,2496.0,280.96,140.48,28.096,1688.0,388.0,645.0,330.0,283.0,251.0,0.0,179.0,0.520114157,0.520114157,4,154,0,0,2,1
395,25,14,25,2053.0,2278.0,209.28,104.64,20.928,4188.0,271.0,351.0,784.0,2657.0,348.0,0.0,48.0,0.520114157,0.520114157,4,1477,0,0,2,1
396,25,12,25,0.0,0.0,217.6,108.8,21.760000000000005,0.0,0.0,0.0,0.0,0.0,0.0,0.0,0.0,6.035034002,6.035034002,5,0,0,0,1,1
448,25,12,25,2352.0,2614.0,228.48,114.24,22.848,2224.0,340.0,399.0,606.0,570.0,594.0,0.0,55.0,0.0,0.0,4,0,0,0,2,1
449,25,12,25,1937.0,2156.0,86.4,43.2,8.64,612.0,260.0,114.0,160.0,147.0,128.0,0.0,63.0,0.0,0.0,3,0,0,0,4,1
450,25,12,25,3066.0,3629.0,309.12,154.56,30.912000000000003,2698.0,584.0,757.0,530.0,620.0,588.0,0.0,203.0,0.0,0.0,3,1503,0,0,4,1
451,25,12,25,2099.0,2659.0,403.2,201.6,40.32,648.0,382.0,214.0,115.0,168.0,107.0,0.0,44.0,0.0,0.0,4,0,0,0,2,1
452,25,12,25,2079.0,2648.0,152.95999999999998,76.47999999999999,15.296,798.0,470.0,257.0,111.0,134.0,181.0,0.0,115.0,0.0,0.0,2,0,0,0,4,1
453,25,12,25,1597.0,1640.0,78.72,39.36,7.872,844.0,171.0,163.0,166.0,235.0,158.0,0.0,122.0,0.0,0.0,4,438,0,0,2,1
454,25,12,25,3210.0,3553.0,197.76,98.88,19.776,699.0,448.0,141.0,187.0,154.0,135.0,0.0,82.0,0.0,0.0,4,0,0,0,2,1
455,25,12,25,183.0,236.0,60.8,30.4,6.08,1047.0,49.0,228.0,143.0,383.0,88.0,0.0,205.0,0.0,0.0,4,0,0,0,2,1
456,25,12,25,621.0,757.0,46.72,23.36,4.672,983.0,108.0,110.0,77.0,51.0,112.0,0.0,633.0,0.0,0.0,3,0,0,0,4,1
457,25,12,25,1507.0,2507.0,40.32,20.16,4.032,297.0,564.0,66.0,67.0,107.0,38.0,0.0,19.0,0.0,0.0,3,0,0,0,4,1
458,25,12,25,705.0,1026.0,21.76,10.88,2.176,1297.0,222.0,251.0,221.0,469.0,317.0,0.0,39.0,0.0,0.0,3,623,0,0,4,1
459,25,12,25,1279.0,1990.0,23.68,11.84,2.368,1846.0,462.0,443.0,336.0,777.0,177.0,0.0,113.0,0.0,0.0,3,201,0,0,4,1
460,25,12,25,1254.0,2092.0,37.76,18.88,3.776,255.0,465.0,16.0,62.0,88.0,26.0,0.0,63.0,0.0,0.0,3,0,0,0,4,1
461,25,12,25,1712.0,2823.0,39.68,19.84,3.968,488.0,561.0,77.0,168.0,129.0,68.0,0.0,46.0,0.0,0.0,3,0,0,0,4,1
462,25,12,25,2018.0,2129.0,103.04,51.52,10.304000000000002,1255.0,233.0,104.0,287.0,477.0,137.0,0.0,250.0,0.0,0.0,3,31,0,0,4,1
463,25,12,25,1501.0,2122.0,41.6,20.8,4.16,3286.0,465.0,964.0,554.0,928.0,731.0,0.0,109.0,0.0,0.0,3,0,0,0,4,1
464,25,12,25,227.0,363.0,65.28,32.64,6.5280000000000005,7037.0,85.0,2083.0,658.0,923.0,2487.0,0.0,886.0,0.0,0.0,5,1088,0,0,1,1
465,25,12,25,0.0,0.0,71.68,35.84,7.168000000000001,3427.0,0.0,537.0,943.0,213.0,444.0,0.0,1290.0,0.0,0.0,5,0,0,0,1,1
466,25,12,25,0.0,0.0,44.16,22.08,4.416,970.0,0.0,484.0,214.0,179.0,83.0,0.0,10.0,0.0,0.0,5,0,0,0,1,1
467,25,12,25,312.0,378.0,140.16,70.08,14.016,4098.0,45.0,388.0,500.0,420.0,1438.0,0.0,1352.0,0.0,0.0,4,0,0,0,2,1
468,25,12,25,1323.0,1349.0,71.04,35.52,7.104000000000001,677.0,315.0,168.0,161.0,156.0,108.0,0.0,84.0,0.0,0.0,3,2073,0,0,4,1
469,25,12,25,1448.0,1778.0,42.88,21.44,4.288,1062.0,257.0,320.0,239.0,271.0,162.0,0.0,70.0,0.0,0.0,3,0,0,0,4,1
470,25,12,25,856.0,1248.0,35.2,17.6,3.5200000000000005,811.0,267.0,131.0,101.0,83.0,195.0,0.0,301.0,0.0,0.0,3,0,0,0,4,1
471,25,12,25,1892.0,2635.0,44.8,22.4,4.48,730.0,579.0,110.0,162.0,283.0,101.0,0.0,74.0,0.0,0.0,3,645,0,0,4,1
472,25,12,25,1516.0,2193.0,44.8,22.4,4.48,221.0,436.0,13.0,69.0,89.0,38.0,0.0,12.0,0.0,0.0,3,0,0,0,4,1
473,25,12,25,10.0,21.0,69.76,34.88,6.976000000000001,2413.0,5.0,544.0,579.0,586.0,336.0,0.0,368.0,0.0,0.0,5,1410,0,0,1,1
474,25,12,25,2023.0,2892.0,62.72,31.36,6.272,1016.0,558.0,115.0,136.0,177.0,281.0,0.0,307.0,0.0,0.0,3,0,0,0,4,1
475,25,12,25,1973.0,2542.0,120.32,60.16,12.032,1432.0,344.0,434.0,259.0,612.0,107.0,0.0,20.0,0.0,0.0,3,0,0,0,4,1
476,25,12,25,1670.0,2223.0,76.16,38.08,7.616,980.0,400.0,402.0,301.0,157.0,92.0,0.0,28.0,0.0,0.0,3,0,0,0,4,1
477,25,12,25,1912.0,2758.0,112.0,56.0,11.2,761.0,551.0,154.0,209.0,276.0,91.0,0.0,31.0,0.0,0.0,3,0,0,0,4,1
478,25,12,25,3173.0,4142.0,175.36,87.68,17.536,678.0,741.0,128.0,173.0,248.0,89.0,0.0,40.0,0.0,0.0,2,381,0,0,4,1
479,25,12,25,1935.0,2436.0,115.2,57.6,11.52,570.0,378.0,135.0,152.0,190.0,54.0,0.0,39.0,0.0,0.0,2,0,0,0,4,1
480,25,12,25,1250.0,1711.0,124.16,62.08,12.416,902.0,252.0,384.0,188.0,235.0,83.0,0.0,12.0,0.0,0.0,3,1236,0,0,4,1
481,25,12,25,564.0,752.0,199.04,99.52,19.904,1324.0,117.0,342.0,178.0,135.0,158.0,0.0,511.0,0.0,0.0,4,0,0,0,2,1
482,25,12,25,1403.0,2062.0,75.52,37.76,7.552,292.0,381.0,22.0,63.0,92.0,96.0,0.0,19.0,0.0,0.0,2,0,0,0,4,1
483,25,12,25,2913.0,4151.0,66.56,33.28,6.656000000000001,783.0,729.0,164.0,200.0,277.0,96.0,0.0,46.0,0.0,0.0,2,0,0,0,4,1
484,25,12,25,1047.0,1146.0,85.76,42.88,8.576,931.0,102.0,164.0,209.0,387.0,159.0,0.0,12.0,0.0,0.0,3,0,0,0,4,1
485,25,12,25,145.0,314.0,74.24000000000001,37.120000000000005,7.424000000000001,637.0,54.0,284.0,84.0,77.0,131.0,0.0,61.0,0.0,0.0,4,0,0,0,2,1
486,25,12,25,336.0,544.0,76.8,38.4,7.68,692.0,98.0,63.0,82.0,76.0,78.0,0.0,393.0,0.0,0.0,4,0,0,0,2,1
487,25,12,25,1504.0,2009.0,114.56,57.28,11.456,1031.0,330.0,217.0,275.0,347.0,166.0,0.0,26.0,0.0,0.0,3,2582,0,0,4,1
488,25,12,25,2205.0,2966.0,147.84,73.92,14.784,1721.0,532.0,287.0,414.0,284.0,393.0,0.0,343.0,0.0,0.0,3,193,0,0,4,1
489,25,12,25,1664.0,2367.0,88.96000000000001,44.48,8.896,1264.0,457.0,387.0,287.0,289.0,235.0,0.0,66.0,0.0,0.0,3,722,0,0,4,1
490,25,12,25,2881.0,3572.0,193.28,96.64,19.328000000000003,802.0,476.0,331.0,146.0,207.0,77.0,0.0,41.0,0.0,0.0,3,0,0,0,4,1
491,25,12,25,3196.0,4291.0,190.72,95.36,19.072,855.0,775.0,94.0,237.0,342.0,108.0,0.0,74.0,0.0,0.0,3,0,0,0,4,1
492,25,12,25,1668.0,2011.0,104.32,52.16,10.432000000000002,463.0,334.0,67.0,116.0,193.0,67.0,0.0,20.0,0.0,0.0,3,568,0,0,4,1
493,25,12,25,1866.0,2421.0,160.64,80.32,16.064,565.0,365.0,98.0,144.0,208.0,85.0,0.0,30.0,0.0,0.0,3,1379,0,0,4,1
494,25,12,25,1708.0,1918.0,286.72,143.36,28.672000000000004,415.0,225.0,60.0,122.0,122.0,55.0,0.0,56.0,0.0,0.0,5,0,0,0,1,1
495,25,12,25,3073.0,3351.0,375.68,187.84,37.568,1167.0,394.0,275.0,194.0,137.0,245.0,0.0,316.0,0.0,0.0,4,0,0,0,2,1
496,25,12,25,2755.0,3501.0,252.16000000000005,126.08,25.216000000000005,1576.0,597.0,213.0,287.0,326.0,343.0,0.0,407.0,0.0,0.0,3,478,0,0,4,1
497,25,12,25,1810.0,2337.0,163.2,81.6,16.32,872.0,414.0,232.0,243.0,175.0,121.0,0.0,101.0,0.0,0.0,3,0,0,0,4,1
498,25,12,25,2190.0,2905.0,158.72,79.36,15.872,805.0,446.0,288.0,210.0,182.0,81.0,0.0,44.0,0.0,0.0,3,0,0,0,4,1
499,25,12,25,829.0,1224.0,161.28,80.64,16.128,634.0,215.0,225.0,128.0,95.0,138.0,0.0,48.0,0.0,0.0,5,0,0,0,1,1
500,25,12,25,1649.0,2152.0,346.88,173.44,34.688,2945.0,234.0,1474.0,418.0,320.0,381.0,0.0,352.0,0.0,0.0,4,0,0,0,2,1
501,25,12,25,2187.0,2510.0,300.79999999999995,150.39999999999998,30.08,436.0,229.0,39.0,133.0,149.0,74.0,0.0,41.0,0.0,0.0,4,0,0,0,2,1
502,17,11,25,1112.0,1419.0,474.88,237.44,47.488,6828.0,185.0,1392.0,1267.0,1012.0,1265.0,0.0,1892.0,0.0,0.0,4,0,0,0,2,1
503,17,11,25,674.0,916.0,275.2,137.6,27.52,5612.0,154.0,2322.0,230.0,183.0,1170.0,0.0,1707.0,0.0,0.0,4,0,0,0,2,1
504,17,11,25,469.0,522.0,111.36,55.67999999999999,11.136,3839.0,72.0,881.0,421.0,166.0,1206.0,0.0,1165.0,0.0,0.0,4,0,0,0,2,1
505,17,11,25,1301.0,1719.0,76.16,38.08,7.616,1902.0,278.0,658.0,423.0,416.0,222.0,0.0,183.0,0.0,0.0,3,635,0,0,4,1
506,17,11,25,3091.0,4038.0,96.0,48.0,9.6,416.0,616.0,58.0,86.0,132.0,109.0,0.0,31.0,0.0,0.0,3,0,0,0,4,1
507,17,11,25,2345.0,2923.0,69.76,34.88,6.976000000000001,1063.0,518.0,256.0,267.0,249.0,171.0,0.0,120.0,0.0,0.0,3,789,0,0,4,1
508,17,11,25,3192.0,4073.0,120.96,60.48,12.096000000000002,1322.0,515.0,209.0,189.0,354.0,214.0,0.0,356.0,0.0,0.0,3,790,0,0,4,1
509,17,11,25,1988.0,2538.0,74.88000000000001,37.440000000000005,7.488000000000001,3622.0,407.0,905.0,925.0,919.0,747.0,0.0,126.0,0.0,0.0,3,234,0,0,4,1
510,17,11,25,1430.0,1852.0,46.72,23.36,4.672,591.0,270.0,144.0,159.0,147.0,83.0,0.0,58.0,0.0,0.0,3,0,0,0,4,1
511,17,11,25,2124.0,2675.0,77.44,38.72,7.744,184.0,380.0,25.0,38.0,76.0,27.0,0.0,18.0,0.0,0.0,3,0,0,0,4,1
512,17,11,25,1571.0,2113.0,79.36,39.68,7.936,1185.0,382.0,193.0,303.0,483.0,193.0,0.0,13.0,0.0,0.0,3,870,0,0,4,1
513,17,11,25,1974.0,2640.0,65.28,32.64,6.5280000000000005,988.0,494.0,150.0,183.0,285.0,305.0,0.0,65.0,0.0,0.0,3,936,0,0,4,1
514,17,11,25,1873.0,2430.0,49.28,24.64,4.928000000000001,770.0,379.0,287.0,226.0,147.0,81.0,0.0,29.0,0.0,0.0,3,0,0,0,4,1
515,17,11,25,2929.0,3826.0,98.56,49.28,9.856000000000002,324.0,594.0,62.0,77.0,63.0,74.0,0.0,48.0,0.0,0.0,3,0,0,0,4,1
516,17,11,25,2498.0,3256.0,160.64,80.32,16.064,1819.0,562.0,246.0,502.0,845.0,207.0,0.0,19.0,0.0,0.0,3,361,0,0,4,1
517,17,11,25,905.0,1255.0,51.84,25.92,5.184000000000001,585.0,269.0,233.0,144.0,123.0,80.0,0.0,5.0,0.0,0.0,3,1975,0,0,4,1
518,17,11,25,1844.0,2454.0,76.8,38.4,7.68,343.0,459.0,86.0,91.0,85.0,64.0,0.0,17.0,0.0,0.0,3,958,0,0,4,1
519,17,11,25,2068.0,2574.0,195.2,97.6,19.52,1106.0,383.0,153.0,441.0,114.0,170.0,0.0,228.0,0.0,0.0,3,0,0,0,4,1
520,17,11,25,835.0,1059.0,239.36,119.68,23.936000000000003,620.0,171.0,131.0,119.0,121.0,153.0,0.0,96.0,0.0,0.0,5,0,0,0,1,1
521,17,11,25,1482.0,1820.0,160.64,80.32,16.064,2497.0,326.0,784.0,450.0,322.0,358.0,0.0,583.0,0.0,0.0,4,565,0,0,2,1
522,17,11,25,1625.0,1980.0,84.48,42.24,8.448,352.0,346.0,45.0,84.0,102.0,62.0,0.0,59.0,0.0,0.0,3,0,0,0,4,1
523,17,11,25,1396.0,1965.0,67.2,33.6,6.720000000000001,257.0,366.0,65.0,55.0,59.0,45.0,0.0,33.0,0.0,0.0,3,0,0,0,4,1
524,17,11,25,2241.0,3088.0,105.6,52.8,10.560000000000002,2031.0,514.0,252.0,251.0,327.0,319.0,0.0,882.0,0.0,0.0,2,916,0,0,4,1
525,17,11,25,2897.0,3612.0,124.16,62.08,12.416,893.0,555.0,242.0,222.0,205.0,162.0,0.0,62.0,0.0,0.0,2,0,0,0,4,1
526,17,11,25,2472.0,2968.0,103.68,51.84,10.368000000000002,1329.0,397.0,88.0,212.0,530.0,163.0,0.0,336.0,0.0,0.0,2,0,0,0,4,1
527,17,11,25,55.0,141.0,56.96,28.48,5.696,1705.0,19.0,547.0,316.0,234.0,239.0,0.0,369.0,0.0,0.0,4,0,0,0,2,1
528,17,11,25,0.0,0.0,85.76,42.88,8.576,2603.0,0.0,669.0,195.0,186.0,362.0,0.0,1191.0,0.0,0.0,4,0,0,0,2,1
529,17,11,25,1952.0,2545.0,168.32,84.16,16.832,434.0,372.0,23.0,69.0,68.0,87.0,0.0,187.0,0.0,0.0,3,0,0,0,4,1
530,17,11,25,1014.0,1242.0,102.4,51.2,10.240000000000002,675.0,124.0,321.0,87.0,67.0,85.0,0.0,115.0,0.0,0.0,3,0,0,0,4,1
531,17,11,25,1501.0,2224.0,70.4,35.2,7.040000000000001,224.0,221.0,69.0,36.0,35.0,43.0,0.0,41.0,0.0,0.0,3,0,0,0,4,1
532,17,11,25,1493.0,1055.0,57.6,28.8,5.76,520.0,212.0,68.0,90.0,285.0,56.0,0.0,21.0,0.0,0.0,3,853,0,0,4,1
533,17,11,25,2686.0,3758.0,237.44,118.72,23.744,904.0,524.0,125.0,142.0,290.0,131.0,0.0,216.0,0.0,0.0,3,1575,0,0,4,1
534,17,11,25,1605.0,2083.0,92.16,46.08,9.216,1169.0,349.0,275.0,240.0,224.0,241.0,0.0,189.0,0.0,0.0,3,1169,0,0,4,1
535,17,11,25,2354.0,2757.0,115.84,57.92,11.584,362.0,419.0,114.0,130.0,71.0,37.0,0.0,10.0,0.0,0.0,3,0,0,0,4,1
536,17,11,25,2522.0,3186.0,252.8,126.4,25.28,429.0,436.0,37.0,91.0,176.0,87.0,0.0,38.0,0.0,0.0,3,559,0,0,4,1
537,17,11,25,732.0,995.0,46.08,23.04,4.608,1442.0,128.0,177.0,394.0,593.0,225.0,0.0,53.0,0.0,0.0,2,2133,0,0,4,1
538,17,11,25,2539.0,3232.0,113.92,56.96,11.392,1846.0,448.0,66.0,1531.0,148.0,76.0,0.0,25.0,0.0,0.0,2,0,0,0,4,1
539,17,11,25,1416.0,1934.0,50.56,25.28,5.056000000000001,1456.0,247.0,130.0,244.0,670.0,282.0,0.0,130.0,0.0,0.0,2,0,0,0,4,1
540,17,11,25,1881.0,2121.0,27.52,13.759999999999998,2.752,3013.0,237.0,541.0,649.0,962.0,545.0,0.0,316.0,0.0,0.0,2,0,133,14,4,1
541,17,11,25,1283.0,1131.0,20.48,10.24,2.048,1961.0,75.0,444.0,414.0,533.0,559.0,0.0,11.0,0.0,0.0,2,0,0,0,4,1
542,17,11,25,1907.0,2299.0,82.56,41.28,8.256,713.0,354.0,133.0,116.0,163.0,141.0,0.0,160.0,0.0,0.0,2,0,0,0,4,1
543,17,11,25,2078.0,2688.0,122.24,61.120000000000005,12.224000000000002,1837.0,424.0,318.0,275.0,502.0,414.0,0.0,328.0,0.0,0.0,2,0,0,0,4,1
544,17,11,25,1517.0,1864.0,71.68,35.84,7.168000000000001,613.0,300.0,90.0,153.0,229.0,123.0,0.0,18.0,0.0,0.0,2,0,0,0,4,1
545,17,11,25,1876.0,2428.0,80.0,40.0,8.0,516.0,364.0,59.0,137.0,137.0,66.0,0.0,117.0,0.0,0.0,2,0,0,0,4,1
546,17,11,25,2616.0,3099.0,69.76,34.88,6.976000000000001,673.0,437.0,170.0,226.0,111.0,113.0,0.0,53.0,0.0,0.0,2,0,0,0,4,1
547,17,11,25,1795.0,2280.0,98.56,49.28,9.856000000000002,769.0,336.0,53.0,131.0,284.0,248.0,0.0,53.0,0.0,0.0,2,903,71,7,4,1
548,17,11,25,1148.0,1276.0,97.92,48.96,9.792000000000002,248.0,139.0,31.0,59.0,107.0,49.0,0.0,2.0,0.0,0.0,3,0,0,0,4,1
549,17,11,25,1918.0,2463.0,239.36,119.68,23.936000000000003,394.0,315.0,37.0,83.0,104.0,85.0,0.0,85.0,0.0,0.0,4,0,0,0,2,1
550,17,11,25,2986.0,3865.0,99.84,49.92,9.984000000000002,856.0,532.0,98.0,219.0,193.0,220.0,0.0,126.0,0.0,0.0,3,0,0,0,4,1
551,17,11,25,409.0,566.0,108.8,54.400000000000006,10.880000000000004,2791.0,76.0,675.0,602.0,516.0,391.0,0.0,607.0,0.0,0.0,4,393,0,0,2,1
552,17,11,25,1795.0,2217.0,163.2,81.6,16.32,1643.0,228.0,711.0,243.0,206.0,189.0,0.0,294.0,0.0,0.0,3,0,0,0,4,1
553,17,11,25,2426.0,3205.0,133.12,66.56,13.312,869.0,409.0,151.0,190.0,311.0,135.0,0.0,82.0,0.0,0.0,3,14,0,0,4,1
554,17,11,25,1166.0,1459.0,106.88,53.440000000000005,10.688000000000002,2508.0,169.0,493.0,357.0,619.0,665.0,0.0,374.0,0.0,0.0,3,0,0,0,4,1
555,17,11,25,523.0,692.0,82.56,41.28,8.256,2948.0,76.0,296.0,760.0,930.0,499.0,0.0,463.0,0.0,0.0,4,0,3651,405,2,1
556,17,11,25,1931.0,2477.0,128.0,64.0,12.8,744.0,318.0,66.0,219.0,329.0,104.0,0.0,26.0,0.0,0.0,3,0,0,0,4,1
557,17,11,25,1591.0,1953.0,69.76,34.88,6.976000000000001,1501.0,213.0,365.0,435.0,457.0,165.0,0.0,79.0,0.0,0.0,3,0,259,28,4,1
558,17,11,25,1487.0,1677.0,71.68,35.84,7.168000000000001,299.0,204.0,128.0,55.0,65.0,24.0,0.0,27.0,0.0,0.0,3,0,0,0,4,1
559,17,11,25,1336.0,1441.0,78.08,39.04,7.808,2482.0,69.0,952.0,270.0,827.0,292.0,0.0,141.0,0.0,0.0,2,0,0,0,4,1
560,17,11,25,1049.0,607.0,73.60000000000001,36.8,7.360000000000001,1893.0,24.0,296.0,691.0,558.0,284.0,0.0,64.0,0.0,0.0,4,0,0,0,2,1
561,17,11,25,1614.0,1900.0,83.84,41.92,8.384,724.0,155.0,272.0,137.0,109.0,128.0,0.0,78.0,0.0,0.0,2,0,0,0,4,1
562,17,11,25,1470.0,1812.0,87.04,43.52,8.704,613.0,287.0,272.0,126.0,137.0,59.0,0.0,19.0,0.0,0.0,2,0,0,0,4,1
563,17,11,25,16.0,39.0,44.16,22.08,4.416,1695.0,2.0,1006.0,216.0,279.0,124.0,0.0,70.0,0.0,0.0,4,0,0,0,2,1
564,17,11,25,181.0,519.0,61.44,30.72,6.144,1508.0,73.0,133.0,181.0,76.0,222.0,0.0,896.0,0.0,0.0,4,0,0,0,2,1
565,17,11,25,610.0,700.0,184.32,92.16,18.432,4456.0,61.0,1305.0,339.0,620.0,1726.0,0.0,466.0,0.0,0.0,4,903,0,0,2,1
566,17,11,25,2969.0,3308.0,174.08,87.04,17.408,830.0,442.0,86.0,147.0,236.0,114.0,0.0,247.0,0.0,0.0,3,472,0,0,4,1
567,17,11,25,2387.0,2761.0,128.64,64.32000000000001,12.864000000000004,862.0,389.0,279.0,171.0,121.0,169.0,0.0,122.0,0.0,0.0,3,0,0,0,4,1
568,17,11,25,2092.0,2717.0,115.2,57.6,11.52,578.0,436.0,139.0,129.0,184.0,89.0,0.0,37.0,0.0,0.0,3,0,0,0,4,1
569,17,11,25,2302.0,2841.0,118.4,59.2,11.840000000000002,1298.0,425.0,270.0,293.0,292.0,204.0,0.0,239.0,0.0,0.0,3,549,0,0,4,1
570,17,11,25,2307.0,3004.0,261.76,130.88,26.176,847.0,414.0,64.0,201.0,413.0,130.0,0.0,39.0,0.0,0.0,4,0,0,0,2,1
571,17,11,25,2639.0,3258.0,554.88,277.44,55.488,656.0,497.0,82.0,239.0,173.0,117.0,0.0,45.0,0.0,0.0,4,0,0,0,2,1
572,17,11,25,2266.0,2095.0,104.32,52.16,10.432000000000002,2838.0,158.0,927.0,658.0,685.0,352.0,0.0,216.0,0.0,0.0,3,0,0,0,4,1
573,17,11,25,1700.0,1814.0,186.88,93.44,18.688,1828.0,211.0,299.0,721.0,585.0,175.0,0.0,48.0,0.0,0.0,4,0,0,0,2,1
574,17,11,25,1792.0,2346.0,1137.28,568.64,113.728,2621.0,276.0,178.0,637.0,1487.0,283.0,0.0,36.0,0.0,0.0,5,0,253,28,1,1
575,17,11,25,2354.0,2851.0,220.16,110.07999999999998,22.016,1647.0,413.0,115.0,401.0,604.0,294.0,0.0,233.0,0.0,0.0,3,488,0,0,4,1
576,17,11,25,1857.0,2317.0,430.08,215.04,43.00800000000001,1168.0,313.0,211.0,447.0,296.0,171.0,0.0,43.0,0.0,0.0,5,1278,0,0,1,1
577,17,11,25,2011.0,2383.0,139.52,69.76,13.952000000000002,547.0,294.0,163.0,142.0,149.0,72.0,0.0,21.0,0.0,0.0,3,253,0,0,4,1
578,17,11,25,1206.0,1539.0,261.12,130.56,26.112,400.0,243.0,75.0,150.0,92.0,44.0,0.0,39.0,0.0,0.0,4,0,0,0,2,1
579,17,13,25,17.0,36.0,109.44,54.720000000000006,10.944000000000004,5620.0,0.0,421.0,2775.0,971.0,728.0,0.0,725.0,3.103207912,3.103207912,4,0,0,0,2,1
580,17,13,25,460.0,420.0,70.4,35.2,7.040000000000001,2202.0,44.0,257.0,308.0,324.0,758.0,0.0,555.0,1.194663944,1.194663944,4,0,0,0,2,1
581,17,13,25,241.0,279.0,42.88,21.44,4.288,1252.0,39.0,317.0,155.0,103.0,212.0,0.0,465.0,2.95570116,2.95570116,4,0,0,0,2,1
582,17,13,25,1072.0,1356.0,64.64,32.32,6.464,3473.0,99.0,1235.0,589.0,465.0,370.0,0.0,814.0,3.91523241,3.91523241,2,0,0,0,4,1
583,17,13,25,1054.0,1134.0,47.36,23.68,4.736,1600.0,138.0,739.0,286.0,295.0,176.0,0.0,104.0,2.591193466,2.591193466,3,0,0,0,4,1
584,17,13,25,2709.0,3148.0,62.72,31.36,6.272,972.0,221.0,305.0,204.0,332.0,76.0,0.0,55.0,0.94875,0.94875,3,0,0,0,4,1
585,17,13,25,1724.0,2254.0,54.400000000000006,27.200000000000003,5.440000000000001,765.0,156.0,291.0,138.0,145.0,65.0,0.0,126.0,1.8328125,1.8328125,3,598,0,0,4,1
586,17,13,25,1880.0,2402.0,53.120000000000005,26.56,5.312000000000001,1143.0,210.0,375.0,322.0,267.0,99.0,0.0,80.0,1.69045438,1.69045438,2,0,0,0,4,1
587,17,13,25,1475.0,1989.0,49.28,24.64,4.928000000000001,532.0,251.0,59.0,127.0,149.0,129.0,0.0,68.0,0.992798366,0.992798366,2,94,0,0,4,1
588,17,13,25,1486.0,1854.0,41.6,20.8,4.16,295.0,305.0,34.0,99.0,82.0,55.0,0.0,25.0,0.992798366,0.992798366,2,0,0,0,4,1
589,17,13,25,2165.0,2543.0,46.72,23.36,4.672,1011.0,260.0,326.0,256.0,275.0,101.0,0.0,53.0,0.992798366,0.992798366,2,0,0,0,4,1
590,17,13,25,1112.0,1522.0,35.84,17.92,3.5840000000000005,662.0,182.0,132.0,143.0,214.0,104.0,0.0,69.0,1.035923366,1.035923366,2,779,0,0,4,1
591,17,13,25,1100.0,1407.0,69.76,34.88,6.976000000000001,1413.0,166.0,779.0,178.0,138.0,115.0,0.0,203.0,1.035923366,1.035923366,2,0,0,0,4,1
592,17,13,25,44.0,110.0,13.44,6.720000000000001,1.3440000000000003,893.0,5.0,187.0,255.0,285.0,144.0,0.0,22.0,1.035923366,1.035923366,4,0,331,36,2,1
593,17,13,25,73.0,184.0,17.28,8.64,1.7280000000000002,582.0,4.0,428.0,15.0,8.0,10.0,0.0,121.0,1.035923366,1.035923366,4,0,0,0,2,1
594,17,13,25,1644.0,2880.0,87.04,43.52,8.704,15815.0,401.0,2315.0,8781.0,1367.0,2820.0,0.0,532.0,1.035923366,1.035923366,2,0,0,0,4,1
595,17,13,25,106.0,223.0,41.6,20.8,4.16,1560.0,11.0,715.0,313.0,311.0,199.0,0.0,22.0,1.24869734,1.24869734,4,0,0,0,2,1
596,17,13,25,1038.0,1336.0,51.84,25.92,5.184000000000001,215.0,144.0,49.0,64.0,73.0,19.0,0.0,10.0,1.127577993,1.127577993,2,0,0,0,4,1
597,17,13,25,1396.0,1953.0,51.2,25.6,5.120000000000001,588.0,343.0,68.0,136.0,254.0,124.0,0.0,6.0,0.803540853,0.803540853,3,433,0,0,4,1
598,17,13,25,1624.0,2047.0,51.84,25.92,5.184000000000001,575.0,246.0,118.0,138.0,169.0,92.0,0.0,58.0,0.803540853,0.803540853,3,0,0,0,4,1
599,17,13,25,1769.0,2384.0,70.4,35.2,7.040000000000001,640.0,271.0,94.0,164.0,243.0,94.0,0.0,45.0,0.91480402,0.91480402,2,0,0,0,4,1
600,17,13,25,2744.0,3460.0,78.72,39.36,7.872,1606.0,366.0,255.0,368.0,444.0,437.0,0.0,102.0,0.91480402,0.91480402,3,0,0,0,4,1
601,17,13,25,1938.0,2251.0,62.08,31.04,6.208,818.0,240.0,83.0,247.0,284.0,128.0,0.0,76.0,0.51529813,0.51529813,3,421,0,0,4,1
602,17,13,25,2024.0,2444.0,63.36,31.68,6.336,1376.0,223.0,189.0,216.0,203.0,193.0,0.0,575.0,0.717940009,0.717940009,3,0,0,0,4,1
603,17,13,25,812.0,969.0,42.24,21.12,4.224,439.0,99.0,156.0,99.0,90.0,45.0,0.0,49.0,0.717940009,0.717940009,3,0,0,0,4,1
604,17,13,25,140.0,210.0,8.96,4.48,0.8960000000000001,309.0,43.0,32.0,20.0,127.0,33.0,0.0,97.0,1.988366832,1.988366832,3,0,0,0,4,1
605,17,13,25,2140.0,2666.0,61.44,30.72,6.144,1463.0,251.0,374.0,307.0,302.0,232.0,0.0,248.0,1.556193466,1.556193466,3,0,0,0,4,1
606,17,13,25,2164.0,2477.0,65.92,32.96,6.5920000000000005,1076.0,190.0,85.0,232.0,527.0,205.0,0.0,27.0,0.87167902,0.87167902,3,1243,0,0,4,1
607,17,13,25,3071.0,3697.0,83.2,41.6,8.32,1299.0,320.0,353.0,258.0,320.0,196.0,0.0,172.0,1.38,1.38,2,171,0,0,4,1
608,17,13,25,676.0,904.0,33.92,16.96,3.3920000000000003,1992.0,96.0,711.0,419.0,485.0,209.0,0.0,168.0,2.043404522,2.043404522,3,0,0,0,4,1
609,17,13,25,199.0,257.0,28.16,14.079999999999998,2.816,1327.0,22.0,211.0,77.0,284.0,213.0,0.0,542.0,1.56107938,1.56107938,4,0,0,0,2,1
610,17,13,25,2099.0,2490.0,54.400000000000006,27.200000000000003,5.440000000000001,747.0,277.0,104.0,189.0,302.0,86.0,0.0,66.0,0.54764188,0.54764188,3,0,0,0,4,1
611,17,13,25,1958.0,2267.0,61.44,30.72,6.144,1964.0,200.0,188.0,246.0,709.0,621.0,0.0,200.0,1.763721259,1.763721259,2,0,0,0,4,1
612,17,13,25,1769.0,2209.0,50.56,25.28,5.056000000000001,309.0,163.0,24.0,107.0,108.0,31.0,0.0,39.0,0.674815009,0.674815009,2,0,0,0,4,1
613,17,13,25,2928.0,3618.0,80.0,40.0,8.0,1523.0,314.0,157.0,427.0,515.0,283.0,0.0,141.0,2.356690009,2.356690009,2,0,0,0,4,1
614,17,13,25,2912.0,3539.0,76.16,38.08,7.616,1092.0,269.0,162.0,340.0,349.0,141.0,0.0,100.0,2.874190009,2.874190009,2,441,0,0,4,1
615,17,13,25,3220.0,3702.0,97.28,48.64,9.728000000000002,1375.0,325.0,394.0,316.0,441.0,154.0,0.0,70.0,2.032799933,2.032799933,2,229,0,0,4,1
616,17,13,25,1944.0,2322.0,54.400000000000006,27.200000000000003,5.440000000000001,800.0,155.0,229.0,263.0,180.0,78.0,0.0,50.0,3.660768683,3.660768683,2,0,0,0,4,1
617,17,13,25,1468.0,1710.0,47.36,23.68,4.736,3041.0,137.0,1140.0,872.0,484.0,358.0,0.0,187.0,3.445143683,3.445143683,2,0,0,0,4,1
618,17,13,25,1774.0,2144.0,51.2,25.6,5.120000000000001,715.0,178.0,209.0,135.0,208.0,107.0,0.0,56.0,3.445143683,3.445143683,2,0,0,0,4,1
619,17,13,25,1566.0,1866.0,55.67999999999999,27.84,5.568,1957.0,115.0,569.0,470.0,615.0,244.0,0.0,59.0,3.445143683,3.445143683,2,0,0,0,4,1
620,17,13,25,2337.0,2978.0,68.48,34.24,6.848000000000001,427.0,232.0,69.0,148.0,127.0,49.0,0.0,34.0,1.978893683,1.978893683,2,0,0,0,4,1
621,17,13,25,749.0,873.0,80.64,40.32,8.064,1532.0,56.0,187.0,458.0,571.0,285.0,0.0,31.0,0.987018683,0.987018683,4,0,3738,415,2,1
622,17,13,25,2462.0,2650.0,47.36,23.68,4.736,470.0,196.0,42.0,185.0,119.0,71.0,0.0,53.0,3.445143683,3.445143683,3,0,0,0,4,1
623,17,13,25,1614.0,1989.0,54.400000000000006,27.200000000000003,5.440000000000001,466.0,165.0,39.0,137.0,193.0,84.0,0.0,13.0,2.410143683,2.410143683,3,352,179,19,4,1
624,17,13,25,1977.0,2513.0,103.04,51.52,10.304000000000002,608.0,231.0,256.0,89.0,171.0,65.0,0.0,27.0,3.445143683,3.445143683,3,0,0,0,4,1
625,17,0,25,3687.0,4403.0,102.4,51.2,10.240000000000002,6210.0,259.0,621.0,2625.0,1387.0,1018.0,0.0,559.0,4.663963565,4.663963565,2,0,2114,234,4,1
626,17,0,25,309.0,325.0,22.4,11.2,2.24,2516.0,20.0,423.0,804.0,702.0,458.0,0.0,129.0,6.704597988,6.704597988,2,0,0,0,4,1
627,17,0,25,292.0,286.0,8.96,4.48,0.8960000000000001,5808.0,13.0,2108.0,494.0,607.0,502.0,0.0,2097.0,7.006472988,7.006472988,2,0,0,0,4,1
628,17,0,25,343.0,387.0,58.88,29.44,5.888,2165.0,18.0,778.0,433.0,230.0,117.0,0.0,607.0,6.283413944,6.283413944,2,0,0,0,4,1
629,17,0,25,1294.0,1354.0,21.12,10.56,2.112,775.0,151.0,181.0,307.0,197.0,48.0,0.0,42.0,5.75882616,5.75882616,2,0,0,0,4,1
630,17,0,25,750.0,889.0,18.56,9.28,1.8560000000000003,751.0,77.0,183.0,208.0,217.0,85.0,0.0,58.0,5.216785488,5.216785488,2,0,0,0,4,1
631,17,0,25,711.0,823.0,21.76,10.88,2.176,3408.0,63.0,278.0,1110.0,943.0,895.0,0.0,182.0,7.30054491,7.30054491,2,0,0,0,4,1
632,17,0,25,1741.0,2018.0,28.8,14.4,2.88,1178.0,231.0,117.0,447.0,444.0,133.0,0.0,37.0,6.92320116,6.92320116,2,0,0,0,4,1
633,17,0,25,211.0,266.0,28.8,14.4,2.88,1810.0,20.0,147.0,241.0,382.0,426.0,0.0,614.0,9.326288471,9.326288471,4,490,0,0,2,1
634,17,0,25,947.0,1104.0,15.36,7.68,1.536,158.0,102.0,9.0,70.0,57.0,9.0,0.0,13.0,7.30054491,7.30054491,2,0,0,0,4,1
635,17,0,25,524.0,542.0,19.84,9.92,1.984,3118.0,34.0,198.0,661.0,783.0,321.0,0.0,1155.0,8.790204143,8.790204143,2,332,0,0,4,1
636,17,0,25,715.0,874.0,28.8,14.4,2.88,5560.0,50.0,730.0,1751.0,1451.0,744.0,0.0,884.0,8.734243087,8.734243087,2,0,0,0,4,1
637,17,0,25,771.0,959.0,28.16,14.079999999999998,2.816,6582.0,42.0,604.0,2301.0,1780.0,1118.0,0.0,779.0,8.531454143,8.531454143,2,0,0,0,4,1
638,17,0,25,1142.0,1377.0,35.2,17.6,3.5200000000000005,4718.0,79.0,507.0,2154.0,1353.0,522.0,0.0,182.0,8.759915199,8.759915199,2,0,0,0,4,1
639,17,0,25,10.0,22.0,11.52,5.76,1.152,4316.0,0.0,907.0,1573.0,696.0,679.0,0.0,461.0,8.759915199,8.759915199,4,0,0,0,2,1
640,17,0,25,265.0,275.0,17.28,8.64,1.7280000000000002,6402.0,9.0,1693.0,2085.0,1596.0,767.0,0.0,261.0,9.750885047,9.750885047,2,0,0,0,4,1
641,17,0,25,1.0,4.0,58.88,29.44,5.888,3448.0,0.0,186.0,948.0,1752.0,266.0,0.0,296.0,8.933338565,8.933338565,4,0,1440,160,2,1
642,17,0,25,812.0,605.0,50.56,25.28,5.056000000000001,3668.0,21.0,530.0,1125.0,1602.0,368.0,0.0,43.0,9.880260047,9.880260047,2,0,560,62,4,1
643,17,0,25,23.0,61.0,102.4,51.2,10.240000000000002,11996.0,7.0,717.0,4985.0,4681.0,1551.0,0.0,62.0,9.350847358,9.350847358,4,0,1197,133,2,1
644,17,13,25,355.0,665.0,142.72,71.36,14.272,1402.0,53.0,210.0,318.0,581.0,243.0,0.0,50.0,6.612844219,6.612844219,4,0,3687,409,2,1
645,17,13,25,22.0,50.0,30.08,15.04,3.008,1170.0,2.0,606.0,284.0,221.0,52.0,0.0,7.0,6.734835712,6.734835712,4,0,0,0,2,1
646,17,13,25,1794.0,1970.0,32.64,16.32,3.264,1511.0,216.0,336.0,367.0,353.0,177.0,0.0,278.0,4.154474716,4.154474716,3,0,0,0,4,1
647,17,13,25,1214.0,1447.0,27.52,13.759999999999998,2.752,2215.0,159.0,207.0,331.0,416.0,1201.0,0.0,60.0,3.5578125,3.5578125,2,0,0,0,4,1
648,17,13,25,1053.0,1265.0,32.0,16.0,3.2,1917.0,152.0,111.0,531.0,1016.0,191.0,0.0,68.0,4.957112121,4.957112121,2,0,0,0,4,1
649,17,13,25,1102.0,1395.0,27.52,13.759999999999998,2.752,1513.0,172.0,403.0,359.0,397.0,150.0,0.0,204.0,8.235327415,8.235327415,2,0,0,0,4,1
650,17,13,25,764.0,990.0,35.2,17.6,3.5200000000000005,5091.0,144.0,995.0,2519.0,900.0,274.0,0.0,403.0,6.032258949,6.032258949,2,0,0,0,4,1
651,17,13,25,1975.0,2470.0,42.88,21.44,4.288,1156.0,244.0,244.0,246.0,503.0,116.0,0.0,47.0,3.373399811,3.373399811,2,528,0,0,4,1
652,17,13,25,4.0,8.0,17.28,8.64,1.7280000000000002,7035.0,0.0,1417.0,2191.0,1181.0,435.0,0.0,1811.0,9.048972358,9.048972358,4,0,0,0,2,1
653,17,13,25,2415.0,3027.0,52.48,26.24,5.248000000000001,1016.0,374.0,223.0,321.0,342.0,96.0,0.0,34.0,5.594337311,5.594337311,2,0,0,0,4,1
654,17,13,25,535.0,693.0,12.16,6.08,1.2160000000000002,1938.0,40.0,857.0,619.0,218.0,143.0,0.0,101.0,4.171212311,4.171212311,2,0,0,0,4,1
655,17,13,25,139.0,288.0,29.44,14.72,2.944,4316.0,10.0,694.0,1361.0,1208.0,529.0,0.0,524.0,6.954639758,6.954639758,4,0,0,0,2,1
656,17,13,25,1046.0,1288.0,16.0,8.0,1.6,619.0,67.0,215.0,148.0,186.0,56.0,0.0,14.0,4.084962311,4.084962311,2,0,0,0,4,1
657,17,13,25,49.0,118.0,13.44,6.720000000000001,1.3440000000000003,3799.0,20.0,696.0,1187.0,887.0,413.0,0.0,616.0,5.410150909,5.410150909,4,0,83,9,2,1
658,17,13,25,419.0,447.0,22.4,11.2,2.24,13310.0,13.0,161.0,485.0,12118.0,166.0,0.0,380.0,6.003119659,6.003119659,2,0,896,99,4,1
659,17,13,25,137.0,245.0,33.92,16.96,3.3920000000000003,1068.0,24.0,310.0,278.0,155.0,129.0,0.0,196.0,4.730932159,4.730932159,4,0,2502,278,2,1
660,17,13,25,1036.0,1295.0,46.72,23.36,4.672,1249.0,105.0,93.0,397.0,531.0,177.0,0.0,51.0,5.823236153,5.823236153,2,0,0,0,4,1
661,17,13,25,792.0,941.0,16.64,8.32,1.664,1336.0,109.0,667.0,389.0,195.0,60.0,0.0,25.0,0.94875,0.94875,3,0,0,0,4,1
662,17,13,25,1552.0,1784.0,42.88,21.44,4.288,1183.0,156.0,153.0,276.0,532.0,145.0,0.0,77.0,1.562149811,1.562149811,2,320,0,0,4,1
663,17,13,25,1223.0,1438.0,33.92,16.96,3.3920000000000003,1788.0,114.0,394.0,485.0,666.0,210.0,0.0,33.0,3.190118561,3.190118561,2,1125,0,0,4,1
664,17,13,25,470.0,473.0,12.8,6.4,1.2800000000000002,4519.0,22.0,742.0,1348.0,1319.0,966.0,0.0,144.0,3.567462311,3.567462311,2,0,0,0,4,1
665,17,13,25,1609.0,1762.0,20.48,10.24,2.048,1758.0,176.0,613.0,449.0,450.0,180.0,0.0,66.0,3.567462311,3.567462311,2,0,0,0,4,1
666,17,13,25,2498.0,2844.0,52.48,26.24,5.248000000000001,773.0,265.0,41.0,206.0,329.0,70.0,0.0,127.0,4.415297737,4.415297737,2,388,0,0,4,1
667,17,13,25,2078.0,2305.0,42.88,21.44,4.288,607.0,241.0,75.0,191.0,204.0,114.0,0.0,23.0,4.717172737,4.717172737,2,0,0,0,4,1
668,17,13,25,837.0,987.0,81.28,40.64,8.128,1450.0,118.0,524.0,204.0,390.0,315.0,0.0,17.0,4.249552244,4.249552244,3,252,0,0,4,1
669,17,13,25,1014.0,1148.0,40.32,20.16,4.032,3040.0,113.0,735.0,719.0,1088.0,285.0,0.0,213.0,3.953493349,3.953493349,3,8,0,0,4,1
670,17,13,25,1446.0,1805.0,36.48,18.24,3.648000000000001,529.0,228.0,78.0,159.0,153.0,40.0,0.0,99.0,4.415297737,4.415297737,2,0,0,0,4,1
671,17,13,25,880.0,1038.0,21.76,10.88,2.176,652.0,133.0,49.0,174.0,351.0,64.0,0.0,14.0,3.694085426,3.694085426,2,564,0,0,4,1
672,17,13,25,1730.0,1759.0,28.16,14.079999999999998,2.816,323.0,151.0,34.0,116.0,126.0,37.0,0.0,10.0,4.070297737,4.070297737,2,0,0,0,4,1
673,17,13,25,1085.0,1025.0,12.8,6.4,1.2800000000000002,2183.0,63.0,273.0,788.0,903.0,179.0,0.0,40.0,3.653712311,3.653712311,2,0,0,0,4,1
674,17,13,25,2387.0,2356.0,31.36,15.68,3.136,2665.0,128.0,200.0,904.0,1144.0,369.0,0.0,48.0,2.974493561,2.974493561,2,0,0,0,4,1
675,17,13,25,2083.0,2179.0,30.72,15.36,3.072,1464.0,126.0,68.0,250.0,385.0,745.0,0.0,16.0,2.3071875,2.3071875,2,0,0,0,4,1
676,17,13,25,1516.0,1635.0,28.8,14.4,2.88,264.0,141.0,39.0,99.0,87.0,35.0,0.0,4.0,1.7896875,1.7896875,2,0,0,0,4,1
677,17,13,25,713.0,766.0,26.880000000000003,13.44,2.6880000000000006,3181.0,91.0,196.0,667.0,2011.0,276.0,0.0,31.0,2.0915625,2.0915625,3,0,0,0,4,1
678,17,13,25,1664.0,1747.0,62.08,31.04,6.208,1521.0,124.0,168.0,417.0,749.0,173.0,0.0,14.0,3.148125,3.148125,2,0,916,101,4,1
679,17,13,25,310.0,294.0,18.56,9.28,1.8560000000000003,1934.0,41.0,80.0,234.0,1510.0,103.0,0.0,7.0,3.20203125,3.20203125,2,1981,210,23,4,1
680,17,13,25,1119.0,1065.0,18.56,9.28,1.8560000000000003,2515.0,57.0,272.0,624.0,847.0,521.0,0.0,251.0,3.320625,3.320625,2,0,1051,116,4,1
681,17,13,25,1020.0,1081.0,17.28,8.64,1.7280000000000002,1232.0,64.0,304.0,323.0,411.0,162.0,0.0,32.0,3.320625,3.320625,2,0,210,23,4,1
682,17,13,25,1125.0,1290.0,18.56,9.28,1.8560000000000003,336.0,106.0,34.0,125.0,141.0,27.0,0.0,9.0,4.168460426,4.168460426,2,0,694,77,4,1
683,17,13,25,1884.0,2047.0,38.4,19.2,3.84,1286.0,132.0,104.0,537.0,513.0,115.0,0.0,17.0,4.168460426,4.168460426,2,0,694,77,4,1
684,17,13,25,288.0,579.0,31.36,15.68,3.136,1107.0,23.0,296.0,218.0,473.0,108.0,0.0,12.0,4.168460426,4.168460426,2,0,1389,154,4,1
685,17,13,25,227.0,258.0,24.32,12.16,2.4320000000000004,9864.0,26.0,1657.0,4287.0,2503.0,1300.0,0.0,117.0,4.114554176,4.114554176,3,0,2371,263,4,1
686,17,13,25,486.0,479.0,14.079999999999998,7.039999999999999,1.408,1608.0,29.0,258.0,616.0,581.0,91.0,0.0,62.0,3.888147926,3.888147926,2,0,210,23,4,1
687,17,13,25,274.0,284.0,14.72,7.359999999999999,1.472,2934.0,26.0,546.0,927.0,885.0,415.0,0.0,161.0,4.114554176,4.114554176,2,0,210,23,4,1
688,17,13,25,36.0,53.0,4.48,2.24,0.448,1766.0,6.0,1091.0,255.0,227.0,84.0,0.0,109.0,4.168460426,4.168460426,3,0,0,0,4,1
689,17,13,25,40.0,62.0,4.48,2.24,0.448,4085.0,9.0,1079.0,1290.0,1111.0,399.0,0.0,206.0,4.168460426,4.168460426,3,0,421,46,4,1
690,17,13,25,486.0,524.0,12.8,6.4,1.2800000000000002,3023.0,42.0,947.0,869.0,904.0,225.0,0.0,78.0,3.320625,3.320625,2,28,1398,155,4,1
691,17,13,25,49.0,83.0,30.72,15.36,3.072,3346.0,10.0,318.0,895.0,1417.0,708.0,0.0,8.0,3.320625,3.320625,4,0,3459,384,2,1
692,17,13,25,13.0,35.0,5.12,2.56,0.512,1879.0,3.0,1172.0,198.0,265.0,96.0,0.0,148.0,3.320625,3.320625,4,0,1051,116,2,1
693,17,13,25,107.0,103.0,15.36,7.68,1.536,1833.0,9.0,337.0,341.0,954.0,183.0,0.0,18.0,3.148125,3.148125,4,0,1261,140,2,1
694,17,13,25,2653.0,2496.0,44.8,22.4,4.48,1262.0,131.0,91.0,357.0,604.0,168.0,0.0,42.0,3.09421875,3.09421875,2,0,492,54,4,1
695,17,13,25,494.0,472.0,14.079999999999998,7.039999999999999,1.408,1502.0,34.0,83.0,259.0,1080.0,58.0,0.0,22.0,3.18904813,3.18904813,2,0,1285,142,4,1
696,17,13,25,14.0,27.0,35.84,17.92,3.5840000000000005,3974.0,2.0,268.0,1116.0,2050.0,502.0,0.0,38.0,3.148125,3.148125,4,0,4824,536,2,1
697,17,13,25,106.0,141.0,35.84,17.92,3.5840000000000005,2000.0,8.0,263.0,521.0,998.0,215.0,0.0,3.0,3.09421875,3.09421875,4,0,1134,126,2,1
698,17,13,25,1735.0,1970.0,51.2,25.6,5.120000000000001,1302.0,211.0,254.0,332.0,613.0,65.0,0.0,38.0,3.18904813,3.18904813,2,305,99,11,4,1
699,17,13,25,876.0,893.0,21.12,10.56,2.112,1141.0,84.0,600.0,252.0,203.0,69.0,0.0,17.0,3.512033054,3.512033054,2,0,0,0,4,1
700,17,13,25,50.0,67.0,18.56,9.28,1.8560000000000003,673.0,11.0,24.0,114.0,367.0,168.0,0.0,0.0,3.512033054,3.512033054,4,344,1252,139,2,1
701,17,13,25,715.0,691.0,26.880000000000003,13.44,2.6880000000000006,1580.0,49.0,16.0,90.0,1409.0,58.0,0.0,7.0,3.458126804,3.458126804,2,0,210,23,4,1
702,17,13,25,1225.0,1438.0,53.760000000000005,26.880000000000003,5.376000000000001,826.0,168.0,103.0,196.0,229.0,199.0,0.0,99.0,3.660768683,3.660768683,2,0,210,23,4,1
703,17,13,25,2496.0,2473.0,68.48,34.24,6.848000000000001,1963.0,173.0,424.0,716.0,591.0,157.0,0.0,75.0,3.660768683,3.660768683,2,0,1813,201,4,1
704,17,13,25,1308.0,1480.0,36.48,18.24,3.648000000000001,441.0,137.0,82.0,121.0,162.0,44.0,0.0,32.0,3.660768683,3.660768683,2,0,0,0,4,1
705,17,13,25,1634.0,1738.0,56.31999999999999,28.16,5.632,1026.0,139.0,88.0,268.0,467.0,97.0,0.0,106.0,3.660768683,3.660768683,2,93,0,0,4,1
706,17,13,25,1661.0,2046.0,103.04,51.52,10.304000000000002,1103.0,222.0,158.0,335.0,295.0,149.0,0.0,166.0,3.660768683,3.660768683,2,0,0,0,4,1
707,17,13,25,1729.0,2134.0,83.2,41.6,8.32,1529.0,305.0,327.0,431.0,508.0,235.0,0.0,28.0,3.458126804,3.458126804,3,514,0,0,4,1
708,17,13,25,1071.0,1107.0,64.0,32.0,6.4,1433.0,99.0,214.0,320.0,730.0,155.0,0.0,14.0,3.512033054,3.512033054,2,0,860,95,4,1
709,17,13,25,831.0,1037.0,90.88,45.44,9.088,483.0,160.0,197.0,109.0,92.0,59.0,0.0,26.0,3.458126804,3.458126804,4,0,0,0,2,1
710,17,13,25,1203.0,1310.0,88.96000000000001,44.48,8.896,567.0,147.0,43.0,234.0,211.0,47.0,0.0,32.0,4.1572266,4.1572266,3,0,0,0,4,1
711,17,13,25,201.0,177.0,20.48,10.24,2.048,1989.0,13.0,124.0,545.0,1063.0,228.0,0.0,29.0,3.255484924,3.255484924,4,0,0,0,2,1
712,17,13,25,140.0,214.0,167.68,83.84,16.768,1099.0,51.0,49.0,247.0,533.0,186.0,0.0,84.0,3.324800639,3.324800639,4,978,0,0,2,1
713,17,13,25,1017.0,1191.0,158.07999999999998,79.03999999999999,15.808,615.0,164.0,131.0,187.0,179.0,85.0,0.0,33.0,3.242501804,3.242501804,4,0,0,0,2,1
714,17,13,25,596.0,607.0,29.44,14.72,2.944,1082.0,63.0,419.0,313.0,223.0,54.0,0.0,73.0,3.242501804,3.242501804,3,0,0,0,4,1
715,17,13,25,2327.0,2750.0,195.2,97.6,19.52,1248.0,325.0,121.0,224.0,409.0,391.0,0.0,103.0,3.445143683,3.445143683,3,238,0,0,4,1
716,17,13,25,57.0,82.0,8.96,4.48,0.8960000000000001,808.0,8.0,470.0,95.0,193.0,44.0,0.0,6.0,3.660768683,3.660768683,4,0,0,0,2,1
717,17,13,25,1432.0,1600.0,48.64,24.32,4.864000000000001,2093.0,183.0,627.0,740.0,499.0,146.0,0.0,81.0,3.660768683,3.660768683,2,0,0,0,4,1
718,17,13,25,1788.0,2123.0,60.8,30.4,6.08,4078.0,222.0,575.0,1251.0,1710.0,481.0,0.0,61.0,3.445143683,3.445143683,2,0,0,0,4,1
719,17,13,25,2122.0,2433.0,97.28,48.64,9.728000000000002,2622.0,243.0,301.0,538.0,755.0,314.0,0.0,714.0,3.445143683,3.445143683,2,883,0,0,4,1
720,17,13,25,1923.0,2238.0,88.96000000000001,44.48,8.896,1295.0,240.0,64.0,207.0,163.0,54.0,0.0,807.0,3.445143683,3.445143683,2,0,0,0,4,1
721,17,13,25,1329.0,1754.0,58.88,29.44,5.888,926.0,197.0,66.0,199.0,476.0,135.0,0.0,50.0,3.660768683,3.660768683,2,895,0,0,4,1
722,17,13,25,2066.0,1976.0,35.2,17.6,3.5200000000000005,271.0,303.0,35.0,91.0,74.0,41.0,0.0,30.0,3.660768683,3.660768683,2,0,0,0,4,1
723,17,13,25,42.0,101.0,25.6,12.8,2.5600000000000005,1520.0,9.0,990.0,159.0,254.0,84.0,0.0,33.0,3.445143683,3.445143683,4,0,0,0,2,1
724,17,13,25,39.0,96.0,17.92,8.96,1.7920000000000005,359.0,6.0,271.0,38.0,32.0,16.0,0.0,2.0,3.445143683,3.445143683,2,0,0,0,4,1
725,17,13,25,1190.0,1622.0,126.08,63.040000000000006,12.608000000000002,6508.0,221.0,658.0,3210.0,1264.0,609.0,0.0,767.0,3.445143683,3.445143683,4,0,0,0,2,1
726,17,13,25,606.0,695.0,163.2,81.6,16.32,3144.0,67.0,210.0,654.0,1095.0,450.0,0.0,735.0,3.647785563,3.647785563,4,180,0,0,2,1
727,17,13,25,2275.0,3417.0,106.88,53.440000000000005,10.688000000000002,3564.0,534.0,814.0,1645.0,613.0,401.0,0.0,91.0,3.445143683,3.445143683,2,0,0,0,4,1
728,17,13,25,492.0,417.0,59.52,29.76,5.952,3090.0,10.0,276.0,1235.0,1145.0,344.0,0.0,90.0,3.445143683,3.445143683,4,0,0,0,2,1
729,21,16,25,2065.0,2366.0,124.8,62.400000000000006,12.480000000000002,3735.0,333.0,782.0,1066.0,1462.0,341.0,0.0,84.0,4.670054008,4.670054008,2,124,720,80,4,1
730,21,16,25,4026.0,4611.0,87.68,43.84,8.768,1470.0,530.0,115.0,389.0,753.0,147.0,0.0,66.0,4.351417056,4.351417056,2,0,360,40,4,1
731,21,16,25,2623.0,3186.0,85.76,42.88,8.576,1989.0,412.0,494.0,524.0,715.0,207.0,0.0,49.0,2.714348509,2.714348509,2,873,0,0,4,1
732,21,16,25,2119.0,2451.0,71.68,35.84,7.168000000000001,1077.0,302.0,391.0,213.0,230.0,151.0,0.0,92.0,2.607834321,2.607834321,2,26,0,0,4,1
733,21,16,25,3307.0,3420.0,117.76,58.88,11.776,598.0,472.0,105.0,200.0,219.0,54.0,0.0,20.0,2.830740389,2.830740389,2,0,0,0,4,1
734,21,16,25,1442.0,1153.0,39.68,19.84,3.968,4210.0,136.0,2129.0,769.0,890.0,263.0,0.0,159.0,4.10733163,4.10733163,2,0,0,0,4,1
735,21,16,25,3677.0,3962.0,97.92,48.96,9.792000000000002,2131.0,345.0,213.0,642.0,1040.0,193.0,0.0,43.0,5.876456706,5.876456706,2,0,0,0,4,1
736,21,16,25,1287.0,1598.0,60.8,30.4,6.08,565.0,236.0,90.0,134.0,297.0,38.0,0.0,6.0,6.65851326,6.65851326,2,705,0,0,4,1
737,21,16,25,3793.0,4276.0,67.84,33.92,6.784000000000001,3999.0,511.0,1988.0,593.0,1064.0,226.0,0.0,128.0,5.972601931,5.972601931,2,0,0,0,4,1
738,21,16,25,2524.0,2722.0,49.28,24.64,4.928000000000001,1248.0,248.0,125.0,367.0,618.0,96.0,0.0,42.0,4.02108163,4.02108163,2,0,117,13,4,1
739,21,16,25,1777.0,2247.0,79.36,39.68,7.936,1673.0,406.0,325.0,385.0,782.0,115.0,0.0,66.0,2.303871502,2.303871502,2,858,0,0,4,1
740,21,16,25,1741.0,2028.0,58.24,29.12,5.824,632.0,292.0,253.0,158.0,171.0,35.0,0.0,15.0,3.049979622,3.049979622,2,0,0,0,4,1
741,21,16,25,2803.0,3423.0,107.52,53.760000000000005,10.752000000000002,999.0,481.0,319.0,245.0,317.0,101.0,0.0,17.0,3.921848509,3.921848509,2,0,0,0,4,1
742,21,16,25,1345.0,1618.0,88.96000000000001,44.48,8.896,1339.0,342.0,185.0,300.0,681.0,120.0,0.0,53.0,4.937671365,4.937671365,2,2084,0,0,4,1
743,21,16,25,920.0,1126.0,37.120000000000005,18.56,3.7120000000000006,2549.0,159.0,320.0,600.0,921.0,687.0,0.0,21.0,4.937671365,4.937671365,2,865,0,0,4,1
744,21,16,25,1449.0,1790.0,47.36,23.68,4.736,1595.0,315.0,328.0,368.0,338.0,331.0,0.0,230.0,6.172681554,6.172681554,2,0,0,0,4,1
745,21,16,25,1462.0,1952.0,60.16,30.08,6.016,3911.0,324.0,482.0,1340.0,1440.0,452.0,0.0,197.0,6.258931554,6.258931554,2,0,0,0,4,1
746,21,16,25,1828.0,1654.0,27.52,13.759999999999998,2.752,377.0,135.0,60.0,125.0,164.0,21.0,0.0,7.0,5.396431554,5.396431554,2,0,0,0,4,1
747,21,16,25,996.0,1272.0,89.60000000000001,44.8,8.96,601.0,212.0,202.0,145.0,176.0,61.0,0.0,17.0,4.188931554,4.188931554,3,0,0,0,4,1
748,21,16,25,2179.0,2455.0,86.4,43.2,8.64,681.0,343.0,118.0,140.0,302.0,76.0,0.0,45.0,4.18166802,4.18166802,2,0,0,0,4,1
749,21,16,25,981.0,1288.0,182.4,91.2,18.24,1485.0,250.0,83.0,322.0,978.0,84.0,0.0,18.0,3.739979622,3.739979622,4,1424,0,0,2,1
751,21,16,25,918.0,1335.0,611.1999999999999,305.6,61.12,1492.0,300.0,139.0,393.0,743.0,193.0,0.0,24.0,3.474017989,3.474017989,4,1085,117,13,2,1
