TAZ,COUNTY,DISTRICT,SD,TOTHH,TOTPOP,TOTACRE,RESACRE,CIACRE,TOTEMP,AGE0519,RETEMPN,FPSEMPN,HEREMPN,OTHEMPN,AGREMPN,MWTEMPN,PRKCST,OPRKCST,area_type,HSENROLL,COLLFTE,COLLPTE,TERMINAL,TOPOLOGY
1,25,0,25,0.0,0.0,45.44,22.72,4.544,1804.0,0.0,17.0,94.0,97.0,1583.0,0.0,13.0,5.08875,5.08875,1,0,0,0,5,1
2,25,0,25,120.0,332.0,14.079999999999998,7.039999999999999,1.408,1798.0,10.0,914.0,120.0,27.0,717.0,0.0,20.0,6.166875,6.166875,1,0,0,0,5,1
3,25,0,25,535.0,1300.0,19.84,9.92,1.984,5085.0,54.0,584.0,2613.0,349.0,914.0,0.0,625.0,7.151357616,7.151357616,1,0,0,0,5,1
4,25,0,25,216.0,563.0,17.92,8.96,1.7920000000000005,3758.0,22.0,1255.0,1279.0,272.0,878.0,0.0,74.0,7.387229271,7.387229271,1,0,0,0,5,1
5,25,0,25,1154.0,2233.0,27.52,13.759999999999998,2.752,707.0,133.0,41.0,206.0,355.0,94.0,0.0,11.0,7.404682159,7.404682159,2,0,0,0,4,1
6,25,0,25,1400.0,2827.0,18.56,9.28,1.8560000000000003,1653.0,159.0,305.0,701.0,372.0,149.0,0.0,126.0,8.186357616,8.186357616,1,0,0,0,5,1
7,25,0,25,400.0,820.0,23.68,11.84,2.368,804.0,32.0,159.0,328.0,77.0,227.0,0.0,13.0,8.801840918,8.801840918,2,0,0,0,4,1
8,25,0,25,812.0,1618.0,12.16,6.08,1.2160000000000002,798.0,123.0,145.0,184.0,429.0,22.0,0.0,18.0,8.327465918,8.327465918,1,617,0,0,5,1
9,25,0,25,824.0,1647.0,10.24,5.12,1.024,849.0,105.0,96.0,351.0,312.0,69.0,0.0,21.0,8.327465918,8.327465918,1,0,0,0,5,1
10,25,0,25,931.0,1822.0,15.36,7.68,1.536,1634.0,121.0,883.0,242.0,288.0,64.0,0.0,157.0,10.31121592,10.31121592,1,205,141,15,5,1
11,25,0,25,951.0,1929.0,17.28,8.64,1.7280000000000002,1721.0,180.0,196.0,952.0,297.0,185.0,0.0,91.0,10.16159426,10.16159426,1,0,0,0,5,1
12,25,0,25,170.0,335.0,21.76,10.88,2.176,2272.0,15.0,1094.0,927.0,96.0,38.0,0.0,117.0,12.46746592,12.46746592,1,0,0,0,5,1
13,25,0,25,632.0,1186.0,20.48,10.24,2.048,2286.0,34.0,62.0,1682.0,184.0,194.0,0.0,164.0,15.54215876,15.54215876,1,0,0,0,5,1
14,25,0,25,165.0,341.0,9.6,4.8,0.96,3805.0,30.0,377.0,2029.0,477.0,873.0,0.0,49.0,14.446875,14.446875,1,0,0,0,5,1
15,25,0,25,0.0,0.0,8.96,4.48,0.8960000000000001,2682.0,0.0,5.0,2553.0,72.0,44.0,0.0,8.0,12.70010193,12.70010193,1,0,0,0,5,1
16,25,0,25,0.0,0.0,2.56,1.28,0.256,225.0,0.0,26.0,176.0,12.0,8.0,0.0,3.0,10.54802757,10.54802757,1,0,0,0,5,1
17,25,0,25,217.0,428.0,8.96,4.48,0.8960000000000001,4036.0,30.0,248.0,2680.0,739.0,334.0,0.0,35.0,9.254277569,9.254277569,1,0,0,0,5,1
18,25,0,25,153.0,290.0,6.4,3.2,0.6400000000000001,1702.0,14.0,350.0,805.0,170.0,355.0,0.0,22.0,8.693652569,8.693652569,1,0,0,0,5,1
19,25,0,25,2.0,4.0,28.8,14.4,2.88,3467.0,0.0,1.0,55.0,13.0,46.0,0.0,3352.0,10.58697693,10.58697693,1,0,0,0,5,1
20,25,0,25,2.0,3.0,44.16,22.08,4.416,242.0,1.0,26.0,96.0,78.0,27.0,0.0,15.0,6.845225258,6.845225258,1,0,0,0,5,1
21,25,0,25,2474.0,4482.0,51.2,25.6,5.120000000000001,2687.0,215.0,31.0,1630.0,879.0,132.0,0.0,15.0,5.887878345,5.887878345,1,4,0,0,5,1
22,25,0,25,0.0,0.0,53.120000000000005,26.56,5.312000000000001,3498.0,0.0,316.0,734.0,2004.0,378.0,0.0,66.0,5.650298366,5.650298366,1,0,0,0,5,1
23,25,0,25,5.0,10.0,9.6,4.8,0.96,1249.0,1.0,391.0,395.0,269.0,192.0,0.0,2.0,6.751301712,6.751301712,1,0,0,0,5,1
24,25,0,25,193.0,318.0,11.52,5.76,1.152,1786.0,23.0,484.0,309.0,979.0,10.0,0.0,4.0,7.224753345,7.224753345,1,0,0,0,5,1
25,25,0,25,1252.0,2503.0,43.52,21.76,4.352,985.0,114.0,277.0,297.0,304.0,63.0,0.0,44.0,7.979048366,7.979048366,2,0,0,0,4,1
26,25,0,25,698.0,1363.0,62.72,31.36,6.272,1368.0,151.0,464.0,437.0,238.0,196.0,0.0,33.0,11.31891289,11.31891289,2,370,0,0,4,1
27,25,0,25,1689.0,3396.0,15.36,7.68,1.536,1204.0,310.0,104.0,509.0,514.0,68.0,0.0,9.0,8.476301712,8.476301712,1,0,0,0,5,1
28,25,0,25,1326.0,2588.0,28.16,14.079999999999998,2.816,1448.0,225.0,342.0,534.0,340.0,111.0,0.0,121.0,9.726926712,9.726926712,1,0,0,0,5,1
29,25,0,25,1.0,1.0,12.16,6.08,1.2160000000000002,1933.0,0.0,18.0,7.0,711.0,1195.0,0.0,2.0,8.518503345,8.518503345,1,0,0,0,5,1
30,25,0,25,603.0,1188.0,9.6,4.8,0.96,530.0,84.0,112.0,143.0,247.0,26.0,0.0,2.0,8.863503345,8.863503345,1,0,0,0,5,1
31,25,0,25,119.0,217.0,9.6,4.8,0.96,1183.0,9.0,25.0,58.0,41.0,1056.0,0.0,3.0,10.84817671,10.84817671,1,0,0,0,5,1
32,25,0,25,1.0,2.0,14.72,7.359999999999999,1.472,1811.0,0.0,38.0,509.0,242.0,953.0,0.0,69.0,9.868232616,9.868232616,1,0,0,0,5,1
33,25,0,25,72.0,145.0,6.4,3.2,0.6400000000000001,4277.0,10.0,76.0,383.0,259.0,3535.0,0.0,24.0,9.941628345,9.941628345,1,0,90,10,5,1
34,25,0,25,351.0,633.0,3.2,1.6,0.32,2664.0,15.0,432.0,762.0,1329.0,78.0,0.0,63.0,11.92537835,11.92537835,1,0,487,54,5,1
35,25,0,25,3.0,7.0,8.32,4.16,0.8320000000000001,5781.0,1.0,403.0,3349.0,481.0,1405.0,0.0,143.0,10.98035609,10.98035609,1,0,3258,362,5,1
36,25,0,25,94.0,219.0,21.76,10.88,2.176,9096.0,12.0,96.0,2903.0,250.0,5728.0,0.0,119.0,12.06760762,12.06760762,1,0,270,30,5,1
37,25,0,25,3.0,11.0,10.88,5.44,1.088,822.0,1.0,344.0,260.0,86.0,96.0,0.0,36.0,12.11073262,12.11073262,1,0,0,0,5,1
38,25,0,25,0.0,0.0,3.84,1.92,0.384,7043.0,0.0,0.0,6623.0,231.0,126.0,0.0,63.0,14.52573262,14.52573262,1,0,0,0,5,1
39,25,0,25,0.0,0.0,14.72,7.359999999999999,1.472,3865.0,0.0,1693.0,1840.0,109.0,181.0,0.0,42.0,13.07664138,13.07664138,1,0,0,0,5,1
40,25,0,25,16.0,37.0,5.76,2.88,0.576,1274.0,5.0,126.0,499.0,389.0,213.0,0.0,47.0,12.78787835,12.78787835,1,0,180,20,5,1
41,25,0,25,2.0,6.0,7.039999999999999,3.52,0.704,2265.0,3.0,377.0,624.0,629.0,609.0,0.0,26.0,13.04662835,13.04662835,1,0,0,0,5,1
42,25,0,25,379.0,731.0,1.92,0.96,0.192,1627.0,28.0,358.0,627.0,255.0,283.0,0.0,104.0,14.23125,14.23125,1,0,0,0,5,1
43,25,0,25,0.0,0.0,1.92,0.96,0.192,307.0,0.0,15.0,87.0,74.0,16.0,0.0,115.0,15.525,15.525,1,0,0,0,5,1
44,25,0,25,0.0,0.0,2.56,1.28,0.256,4278.0,0.0,167.0,3710.0,79.0,108.0,0.0,214.0,15.740625,15.740625,1,0,0,0,5,1
45,25,0,25,15.0,36.0,5.12,2.56,0.512,4673.0,5.0,249.0,4141.0,150.0,73.0,0.0,60.0,15.740625,15.740625,1,0,0,0,5,1
46,25,0,25,25.0,49.0,5.76,2.88,0.576,1763.0,4.0,291.0,1227.0,36.0,59.0,0.0,150.0,14.95126303,14.95126303,1,0,0,0,5,1
47,25,0,25,138.0,325.0,5.76,2.88,0.576,2416.0,43.0,1175.0,638.0,341.0,71.0,0.0,191.0,13.19625,13.19625,1,0,0,0,5,1
48,25,0,25,0.0,0.0,4.48,2.24,0.448,3505.0,0.0,1210.0,1820.0,163.0,269.0,0.0,43.0,15.309375,15.309375,1,0,0,0,5,1
49,25,0,25,0.0,0.0,1.92,0.96,0.192,1562.0,0.0,68.0,1330.0,18.0,116.0,0.0,30.0,15.223125,15.223125,1,0,0,0,5,1
50,25,0,25,162.0,419.0,12.8,6.4,1.2800000000000002,5344.0,30.0,801.0,3812.0,218.0,280.0,0.0,233.0,15.97340876,15.97340876,1,0,0,0,5,1
51,25,0,25,36.0,101.0,5.76,2.88,0.576,895.0,11.0,1.0,150.0,250.0,464.0,0.0,30.0,12.43979045,12.43979045,1,0,1048,116,5,1
52,25,0,25,136.0,362.0,8.96,4.48,0.8960000000000001,6475.0,20.0,572.0,4308.0,564.0,689.0,0.0,342.0,12.56916545,12.56916545,1,0,0,0,5,1
53,25,0,25,0.0,0.0,7.68,3.84,0.768,3211.0,0.0,249.0,2667.0,185.0,81.0,0.0,29.0,14.28998981,14.28998981,1,0,0,0,5,1
54,25,0,25,0.0,0.0,2.56,1.28,0.256,610.0,0.0,315.0,279.0,6.0,9.0,0.0,1.0,15.223125,15.223125,1,0,0,0,5,1
55,25,0,25,4.0,9.0,3.84,1.92,0.384,1474.0,0.0,145.0,1117.0,115.0,84.0,0.0,13.0,12.40240257,12.40240257,1,0,105,11,5,1
56,25,0,25,0.0,0.0,2.56,1.28,0.256,2643.0,0.0,140.0,1940.0,221.0,286.0,0.0,56.0,12.65541545,12.65541545,1,0,0,0,5,1
57,25,0,25,0.0,0.0,5.12,2.56,0.512,3061.0,0.0,59.0,2679.0,72.0,89.0,0.0,162.0,13.51373981,13.51373981,1,0,0,0,5,1
58,25,0,25,0.0,0.0,2.56,1.28,0.256,2542.0,0.0,113.0,2296.0,53.0,53.0,0.0,27.0,14.791875,14.791875,1,0,0,0,5,1
59,25,0,25,0.0,0.0,3.2,1.6,0.32,4344.0,0.0,278.0,3491.0,234.0,142.0,0.0,199.0,12.48865257,12.48865257,1,0,0,0,5,1
60,25,0,25,0.0,0.0,2.56,1.28,0.256,3269.0,0.0,389.0,2636.0,42.0,178.0,0.0,24.0,13.68623981,13.68623981,1,0,0,0,5,1
61,25,0,25,215.0,415.0,3.84,1.92,0.384,857.0,43.0,221.0,303.0,275.0,57.0,0.0,1.0,10.54229045,10.54229045,1,0,0,0,5,1
62,25,0,25,872.0,1626.0,8.96,4.48,0.8960000000000001,2450.0,107.0,392.0,1017.0,560.0,466.0,0.0,15.0,9.491675639,9.491675639,1,0,1687,187,5,1
63,25,0,25,4.0,14.0,7.68,3.84,0.768,762.0,5.0,442.0,161.0,67.0,55.0,0.0,37.0,10.46177757,10.46177757,1,0,0,0,5,1
64,25,0,25,27.0,44.0,3.84,1.92,0.384,3159.0,1.0,334.0,1394.0,224.0,1161.0,0.0,46.0,11.15177757,11.15177757,1,0,0,0,5,1
65,25,0,25,51.0,119.0,7.039999999999999,3.52,0.704,7136.0,7.0,287.0,6607.0,76.0,64.0,0.0,102.0,11.02240257,11.02240257,1,0,0,0,5,1
66,25,0,25,29.0,63.0,8.32,4.16,0.8320000000000001,4205.0,3.0,278.0,3462.0,56.0,271.0,0.0,138.0,12.56916545,12.56916545,1,0,0,0,5,1
67,25,0,25,1.0,3.0,4.48,2.24,0.448,4884.0,2.0,0.0,4852.0,11.0,14.0,0.0,7.0,13.51373981,13.51373981,1,0,0,0,5,1
68,25,0,25,0.0,0.0,4.48,2.24,0.448,3681.0,0.0,171.0,3334.0,80.0,74.0,0.0,22.0,16.12875,16.12875,1,0,0,0,5,1
69,25,0,25,350.0,690.0,3.84,1.92,0.384,2198.0,17.0,786.0,869.0,216.0,310.0,0.0,17.0,9.68347526,9.68347526,1,0,422,46,5,1
70,25,0,25,225.0,548.0,5.12,2.56,0.512,3148.0,32.0,126.0,359.0,407.0,2238.0,0.0,18.0,9.814902569,9.814902569,1,0,0,0,5,1
71,25,0,25,0.0,0.0,81.28,40.64,8.128,164.0,0.0,76.0,78.0,5.0,5.0,0.0,0.0,8.367173366,8.367173366,1,0,0,0,5,1
72,25,0,25,121.0,254.0,7.68,3.84,0.768,10285.0,13.0,577.0,1290.0,224.0,1097.0,0.0,7097.0,8.130493087,8.130493087,1,0,0,0,5,1
73,25,0,25,189.0,392.0,4.48,2.24,0.448,433.0,32.0,311.0,58.0,55.0,7.0,0.0,2.0,8.259868087,8.259868087,1,0,0,0,5,1
74,25,0,25,12.0,23.0,7.68,3.84,0.768,1919.0,2.0,1196.0,73.0,613.0,8.0,0.0,29.0,9.400381278,9.400381278,1,0,3357,373,5,1
75,25,0,25,883.0,1801.0,5.76,2.88,0.576,1581.0,104.0,318.0,235.0,476.0,517.0,0.0,35.0,9.368764204,9.368764204,1,0,796,88,5,1
76,25,0,25,602.0,1190.0,5.76,2.88,0.576,919.0,84.0,234.0,260.0,350.0,33.0,0.0,42.0,9.633251323,9.633251323,1,0,0,0,5,1
77,25,0,25,691.0,1565.0,10.88,5.44,1.088,1440.0,117.0,505.0,520.0,163.0,112.0,0.0,140.0,9.556152569,9.556152569,1,0,0,0,5,1
78,25,0,25,712.0,1497.0,16.64,8.32,1.664,1408.0,97.0,427.0,474.0,381.0,90.0,0.0,36.0,7.742368087,7.742368087,1,680,0,0,5,1
79,25,0,25,244.0,507.0,7.68,3.84,0.768,1140.0,68.0,860.0,58.0,198.0,24.0,0.0,0.0,8.063506278,8.063506278,1,0,0,0,5,1
80,25,0,25,2.0,8.0,9.6,4.8,0.96,999.0,2.0,370.0,39.0,561.0,24.0,0.0,5.0,7.984588565,7.984588565,1,0,276,30,5,1
81,25,0,25,249.0,529.0,9.6,4.8,0.96,7739.0,37.0,91.0,181.0,7363.0,99.0,0.0,5.0,8.075014204,8.075014204,1,0,2213,245,5,1
82,25,0,25,220.0,612.0,10.24,5.12,1.024,967.0,51.0,64.0,289.0,459.0,148.0,0.0,7.0,8.233951702,8.233951702,1,0,138,15,5,1
83,25,0,25,801.0,1818.0,19.84,9.92,1.984,1043.0,210.0,31.0,205.0,667.0,122.0,0.0,18.0,7.373506278,7.373506278,1,728,0,0,5,1
84,25,0,25,1093.0,2169.0,59.52,29.76,5.952,634.0,178.0,32.0,323.0,188.0,78.0,0.0,13.0,12.61910824,12.61910824,2,397,0,0,4,1
85,25,0,25,1310.0,2601.0,65.28,32.64,6.5280000000000005,901.0,154.0,38.0,420.0,350.0,42.0,0.0,51.0,10.15367462,10.15367462,1,116,0,0,5,1
86,25,0,25,1161.0,2353.0,27.52,13.759999999999998,2.752,1813.0,140.0,20.0,538.0,1178.0,74.0,0.0,3.0,10.09861872,10.09861872,1,0,1465,162,5,1
87,25,0,25,316.0,563.0,10.24,5.12,1.024,1104.0,37.0,723.0,230.0,65.0,75.0,0.0,11.0,11.06660824,11.06660824,2,0,0,0,4,1
88,25,0,25,227.0,440.0,10.88,5.44,1.088,1806.0,23.0,660.0,585.0,291.0,228.0,0.0,42.0,10.24725691,10.24725691,1,184,0,0,5,1
89,25,0,25,105.0,202.0,4.48,2.24,0.448,1087.0,13.0,306.0,537.0,123.0,120.0,0.0,1.0,10.80788191,10.80788191,1,489,0,0,5,1
90,25,0,25,87.0,154.0,4.48,2.24,0.448,1911.0,8.0,457.0,1060.0,290.0,64.0,0.0,40.0,9.945381908,9.945381908,1,0,0,0,5,1
91,25,0,25,173.0,345.0,10.88,5.44,1.088,1546.0,27.0,755.0,464.0,201.0,49.0,0.0,77.0,9.960988063,9.960988063,1,0,0,0,5,1
92,25,0,25,1240.0,2380.0,54.400000000000006,27.200000000000003,5.440000000000001,746.0,155.0,52.0,313.0,364.0,13.0,0.0,4.0,11.10973324,11.10973324,2,0,0,0,4,1
93,25,0,25,113.0,208.0,8.32,4.16,0.8320000000000001,1516.0,17.0,780.0,414.0,89.0,130.0,0.0,103.0,11.06660824,11.06660824,2,0,663,73,4,1
94,25,0,25,340.0,650.0,10.88,5.44,1.088,819.0,48.0,387.0,215.0,180.0,7.0,0.0,30.0,12.27410824,12.27410824,2,235,234,26,4,1
95,25,0,25,183.0,363.0,8.32,4.16,0.8320000000000001,2372.0,37.0,1156.0,751.0,134.0,92.0,0.0,239.0,11.58410824,11.58410824,2,0,0,0,4,1
96,25,0,25,1.0,3.0,4.48,2.24,0.448,2072.0,0.0,1473.0,377.0,208.0,13.0,0.0,1.0,9.913282661,9.913282661,1,0,0,0,5,1
97,25,0,25,12.0,25.0,5.12,2.56,0.512,2120.0,2.0,528.0,1245.0,226.0,86.0,0.0,35.0,9.498525753,9.498525753,1,0,0,0,5,1
98,25,0,25,2.0,6.0,5.12,2.56,0.512,1714.0,2.0,432.0,921.0,172.0,121.0,0.0,68.0,9.357238063,9.357238063,1,0,548,60,5,1
99,25,0,25,0.0,0.0,4.48,2.24,0.448,4731.0,0.0,223.0,1108.0,31.0,3307.0,0.0,62.0,9.913282661,9.913282661,1,0,0,0,5,1
100,25,0,25,0.0,0.0,5.12,2.56,0.512,2022.0,0.0,87.0,1006.0,67.0,851.0,0.0,11.0,9.270988063,9.270988063,1,0,0,0,5,1
101,25,0,25,242.0,502.0,10.24,5.12,1.024,1388.0,45.0,438.0,352.0,318.0,201.0,0.0,79.0,7.589113063,7.589113063,1,0,0,0,5,1
102,25,0,25,316.0,662.0,12.16,6.08,1.2160000000000002,2707.0,39.0,814.0,1560.0,173.0,78.0,0.0,82.0,8.41582035,8.41582035,1,0,0,0,5,1
103,25,0,25,67.0,116.0,8.96,4.48,0.8960000000000001,2049.0,14.0,553.0,1284.0,97.0,23.0,0.0,92.0,9.772881908,9.772881908,1,0,0,0,5,1
104,25,0,25,180.0,385.0,10.88,5.44,1.088,1005.0,18.0,239.0,65.0,68.0,521.0,0.0,112.0,10.07475691,10.07475691,1,0,0,0,5,1
105,25,0,25,86.0,162.0,14.72,7.359999999999999,1.472,2094.0,17.0,1399.0,306.0,286.0,98.0,0.0,5.0,10.46288191,10.46288191,1,0,0,0,5,1
106,25,0,25,996.0,1874.0,36.48,18.24,3.648000000000001,6114.0,55.0,989.0,4012.0,486.0,404.0,0.0,223.0,11.06660824,11.06660824,2,0,0,0,4,1
107,25,0,25,2139.0,4087.0,32.64,16.32,3.264,2367.0,279.0,394.0,906.0,724.0,254.0,0.0,89.0,9.12223082,9.12223082,2,0,519,57,4,1
108,25,0,25,1.0,2.0,7.039999999999999,3.52,0.704,560.0,0.0,374.0,56.0,45.0,83.0,0.0,2.0,10.80235447,10.80235447,4,0,2265,251,2,1
109,25,0,25,465.0,994.0,23.68,11.84,2.368,3510.0,56.0,1438.0,304.0,98.0,1587.0,0.0,83.0,10.30150443,10.30150443,2,0,1677,186,4,1
110,25,0,25,1102.0,2426.0,25.6,12.8,2.5600000000000005,637.0,284.0,86.0,249.0,226.0,45.0,0.0,31.0,9.36734045,9.36734045,2,0,0,0,4,1
111,25,0,25,154.0,285.0,8.32,4.16,0.8320000000000001,2350.0,11.0,2.0,2258.0,27.0,60.0,0.0,3.0,8.360782661,8.360782661,1,0,0,0,5,1
112,25,0,25,1398.0,2762.0,24.96,12.48,2.4960000000000004,757.0,216.0,82.0,248.0,365.0,50.0,0.0,12.0,7.589113063,7.589113063,2,0,0,0,4,1
113,25,0,25,102.0,217.0,10.24,5.12,1.024,1090.0,27.0,169.0,358.0,341.0,214.0,0.0,8.0,6.569719219,6.569719219,2,0,57,6,4,1
114,25,0,25,669.0,1537.0,30.72,15.36,3.072,532.0,273.0,88.0,204.0,211.0,20.0,0.0,9.0,4.793338565,4.793338565,2,0,0,0,4,1
115,25,0,25,559.0,1443.0,28.16,14.079999999999998,2.816,1921.0,34.0,269.0,491.0,437.0,436.0,0.0,288.0,4.744257221,4.744257221,1,0,0,0,5,1
116,25,0,25,1472.0,3057.0,30.72,15.36,3.072,992.0,292.0,161.0,298.0,455.0,70.0,0.0,8.0,7.754143509,7.754143509,2,0,0,0,4,1
117,25,0,25,838.0,1771.0,21.76,10.88,2.176,677.0,142.0,181.0,346.0,95.0,38.0,0.0,17.0,7.002202424,7.002202424,2,0,0,0,4,1
118,25,0,25,338.0,705.0,10.88,5.44,1.088,869.0,64.0,324.0,194.0,338.0,11.0,0.0,2.0,5.480568466,5.480568466,2,298,0,0,4,1
119,25,0,25,1182.0,2432.0,25.6,12.8,2.5600000000000005,876.0,188.0,206.0,398.0,204.0,60.0,0.0,8.0,2.409043655,2.409043655,2,0,0,0,4,1
120,25,0,25,1096.0,2270.0,32.64,16.32,3.264,1667.0,225.0,365.0,655.0,321.0,194.0,0.0,132.0,1.632793655,1.632793655,2,292,0,0,4,1
121,25,0,25,410.0,995.0,30.08,15.04,3.008,2295.0,79.0,338.0,667.0,178.0,1042.0,0.0,70.0,1.632793655,1.632793655,2,0,0,0,4,1
122,25,0,25,1259.0,2640.0,29.44,14.72,2.944,1218.0,237.0,129.0,334.0,596.0,108.0,0.0,51.0,3.49117743,3.49117743,2,322,0,0,4,1
123,25,0,25,1165.0,2611.0,30.72,15.36,3.072,923.0,400.0,132.0,267.0,337.0,160.0,0.0,27.0,3.969693002,3.969693002,2,472,0,0,4,1
124,25,0,25,851.0,1950.0,31.36,15.68,3.136,1311.0,331.0,119.0,339.0,280.0,312.0,0.0,261.0,2.34757883,2.34757883,3,0,0,0,4,1
125,25,0,25,622.0,1196.0,14.079999999999998,7.039999999999999,1.408,219.0,94.0,13.0,80.0,99.0,25.0,0.0,2.0,2.413818934,2.413818934,3,0,194,21,4,1
126,25,0,25,186.0,375.0,16.0,8.0,1.6,1606.0,18.0,3.0,46.0,1470.0,81.0,0.0,6.0,2.008535175,2.008535175,3,0,2340,260,4,1
127,25,0,25,746.0,1496.0,12.16,6.08,1.2160000000000002,600.0,113.0,105.0,107.0,354.0,25.0,0.0,9.0,2.08960946,2.08960946,2,0,0,0,4,1
128,25,0,25,410.0,811.0,17.28,8.64,1.7280000000000002,10723.0,73.0,180.0,524.0,9773.0,195.0,0.0,51.0,1.982568934,1.982568934,3,0,974,108,4,1
129,25,0,25,5.0,13.0,37.76,18.88,3.776,1329.0,3.0,0.0,53.0,891.0,221.0,0.0,164.0,1.555722675,1.555722675,4,0,194,21,2,1
130,25,14,25,0.0,0.0,133.12,66.56,13.312,1533.0,0.0,58.0,112.0,78.0,617.0,0.0,668.0,1.158418655,1.158418655,4,0,0,0,2,1
131,25,14,25,0.0,0.0,56.96,28.48,5.696,2049.0,0.0,283.0,100.0,226.0,1388.0,0.0,52.0,1.577285175,1.577285175,4,0,0,0,2,1
132,25,14,25,0.0,0.0,47.36,23.68,4.736,3469.0,0.0,432.0,158.0,115.0,1991.0,0.0,773.0,1.577285175,1.577285175,4,0,0,0,2,1
133,25,14,25,179.0,476.0,107.52,53.760000000000005,10.752000000000002,3146.0,34.0,1672.0,629.0,333.0,438.0,0.0,74.0,0.646875,0.646875,4,0,0,0,2,1
134,25,14,25,1134.0,2791.0,87.04,43.52,8.704,912.0,419.0,92.0,262.0,293.0,101.0,0.0,164.0,0.474375,0.474375,2,1390,0,0,4,1
135,25,0,25,230.0,605.0,40.32,20.16,4.032,1433.0,14.0,393.0,358.0,237.0,435.0,0.0,10.0,12.09058181,12.09058181,2,0,0,0,4,1
136,25,0,25,241.0,524.0,35.2,17.6,3.5200000000000005,10371.0,26.0,1044.0,6453.0,759.0,1811.0,0.0,304.0,10.45183181,10.45183181,3,0,0,0,4,1
137,25,0,25,91.0,160.0,10.88,5.44,1.088,4481.0,6.0,992.0,2400.0,246.0,763.0,0.0,80.0,10.10683181,10.10683181,3,0,0,0,4,1
138,25,0,25,199.0,521.0,23.68,11.84,2.368,10612.0,16.0,1084.0,5574.0,2067.0,1266.0,0.0,621.0,8.366262081,8.366262081,3,0,0,0,4,1
139,25,0,25,539.0,1187.0,49.28,24.64,4.928000000000001,2598.0,47.0,410.0,1342.0,221.0,263.0,0.0,362.0,7.848762081,7.848762081,3,0,0,0,4,1
140,25,0,25,111.0,225.0,69.12,34.56,6.912000000000001,1542.0,11.0,178.0,399.0,83.0,80.0,0.0,802.0,7.724010047,7.724010047,4,0,0,0,2,1
141,25,0,25,0.0,0.0,71.68,35.84,7.168000000000001,1417.0,0.0,221.0,527.0,32.0,126.0,0.0,511.0,7.430968718,7.430968718,5,0,0,0,1,1
142,25,0,25,0.0,0.0,46.72,23.36,4.672,6326.0,0.0,972.0,2170.0,827.0,1223.0,0.0,1134.0,5.86503643,5.86503643,4,0,0,0,2,1
143,25,0,25,9.0,16.0,5.12,2.56,0.512,500.0,0.0,196.0,271.0,6.0,27.0,0.0,0.0,10.52066535,10.52066535,2,0,0,0,4,1
144,25,0,25,52.0,128.0,17.92,8.96,1.7920000000000005,2130.0,8.0,278.0,1132.0,184.0,406.0,0.0,130.0,8.726831807,8.726831807,4,0,0,0,2,1
145,25,0,25,605.0,1303.0,32.64,16.32,3.264,5204.0,44.0,963.0,1890.0,1256.0,962.0,0.0,133.0,6.855040348,6.855040348,2,0,0,0,4,1
146,25,0,25,0.0,0.0,41.6,20.8,4.16,2540.0,0.0,4.0,23.0,34.0,19.0,0.0,2460.0,5.571230863,5.571230863,4,0,0,0,2,1
147,25,14,25,822.0,1804.0,58.24,29.12,5.824,1509.0,77.0,274.0,630.0,181.0,247.0,0.0,177.0,2.667793655,2.667793655,2,0,0,0,4,1
148,25,0,25,0.0,0.0,76.16,38.08,7.616,854.0,0.0,475.0,255.0,54.0,62.0,0.0,8.0,7.631290348,7.631290348,4,0,0,0,2,1
149,25,14,25,0.0,0.0,4.48,2.24,0.448,989.0,0.0,14.0,477.0,14.0,389.0,0.0,95.0,6.833991203,6.833991203,4,0,0,0,2,1
150,25,14,25,237.0,536.0,26.24,13.12,2.624000000000001,1551.0,11.0,404.0,621.0,268.0,217.0,0.0,41.0,5.86503643,5.86503643,2,0,0,0,4,1
151,25,14,25,1171.0,2702.0,51.84,25.92,5.184000000000001,747.0,111.0,98.0,202.0,133.0,99.0,0.0,215.0,4.044439404,4.044439404,2,0,0,0,4,1
152,25,14,25,1294.0,3294.0,52.48,26.24,5.248000000000001,1052.0,573.0,70.0,221.0,463.0,281.0,0.0,17.0,1.7896875,1.7896875,2,807,0,0,4,1
153,25,14,25,857.0,1982.0,35.84,17.92,3.5840000000000005,1120.0,148.0,94.0,146.0,414.0,109.0,0.0,357.0,0.3234375,0.3234375,2,517,0,0,4,1
154,25,14,25,772.0,1589.0,94.72,47.36,9.472,2223.0,120.0,297.0,371.0,186.0,668.0,0.0,701.0,0.3234375,0.3234375,2,0,0,0,4,1
155,25,14,25,1351.0,3307.0,36.48,18.24,3.648000000000001,468.0,637.0,40.0,101.0,228.0,78.0,0.0,21.0,0.5175,0.5175,2,176,0,0,4,1
156,25,14,25,1615.0,3773.0,59.52,29.76,5.952,1575.0,346.0,243.0,585.0,429.0,124.0,0.0,194.0,2.326939697,2.326939697,2,0,0,0,4,1
157,25,14,25,314.0,778.0,121.6,60.8,12.16,2091.0,39.0,423.0,844.0,84.0,506.0,0.0,234.0,4.857555275,4.857555275,4,0,0,0,2,1
158,25,14,25,220.0,499.0,83.84,41.92,8.384,631.0,26.0,19.0,155.0,109.0,305.0,0.0,43.0,5.461305275,5.461305275,5,0,0,0,1,1
159,25,14,25,0.0,0.0,96.0,48.0,9.6,30.0,0.0,4.0,7.0,10.0,6.0,0.0,3.0,5.461305275,5.461305275,5,0,0,0,1,1
160,25,14,25,1080.0,2490.0,143.36,71.68,14.336000000000002,474.0,184.0,74.0,97.0,219.0,72.0,0.0,12.0,4.857555275,4.857555275,3,0,0,0,4,1
161,25,14,25,908.0,2159.0,55.03999999999999,27.52,5.504,272.0,172.0,23.0,100.0,87.0,55.0,0.0,7.0,4.469430275,4.469430275,3,238,0,0,4,1
162,25,14,25,1393.0,3061.0,64.0,32.0,6.4,378.0,255.0,27.0,127.0,159.0,54.0,0.0,11.0,3.863833542,3.863833542,3,223,0,0,4,1
163,25,14,25,1335.0,3002.0,51.84,25.92,5.184000000000001,1220.0,206.0,311.0,347.0,246.0,173.0,0.0,143.0,3.303208542,3.303208542,3,0,0,0,4,1
164,25,14,25,1416.0,3145.0,49.28,24.64,4.928000000000001,332.0,259.0,21.0,92.0,92.0,92.0,0.0,35.0,2.785708542,2.785708542,3,200,0,0,4,1
165,25,14,25,1695.0,3659.0,84.48,42.24,8.448,582.0,244.0,47.0,197.0,230.0,72.0,0.0,36.0,1.38,1.38,3,0,0,0,4,1
166,25,14,25,516.0,1195.0,28.8,14.4,2.88,979.0,146.0,67.0,127.0,737.0,32.0,0.0,16.0,1.035,1.035,2,518,0,0,4,1
167,25,14,25,1195.0,2715.0,164.48000000000002,82.24000000000001,16.448000000000004,928.0,570.0,437.0,124.0,226.0,54.0,0.0,87.0,0.129375,0.129375,2,0,0,0,4,1
168,25,12,25,139.0,329.0,56.96,28.48,5.696,361.0,9.0,40.0,151.0,125.0,39.0,0.0,6.0,8.030225965,8.030225965,4,0,0,0,2,1
169,25,12,25,1093.0,2484.0,44.16,22.08,4.416,547.0,308.0,31.0,88.0,162.0,69.0,0.0,197.0,7.586121694,7.586121694,2,214,0,0,4,1
170,25,12,25,833.0,1961.0,23.04,11.52,2.304,308.0,238.0,45.0,67.0,84.0,45.0,0.0,67.0,6.809871694,6.809871694,2,0,0,0,4,1
171,25,12,25,508.0,1470.0,22.4,11.2,2.24,1183.0,307.0,211.0,416.0,249.0,236.0,0.0,71.0,6.809871694,6.809871694,2,71,0,0,4,1
172,25,12,25,863.0,1952.0,40.32,20.16,4.032,338.0,341.0,55.0,130.0,108.0,32.0,0.0,13.0,6.320795691,6.320795691,2,0,0,0,4,1
173,25,12,25,670.0,1823.0,55.67999999999999,27.84,5.568,1377.0,261.0,495.0,174.0,394.0,268.0,0.0,46.0,5.915511932,5.915511932,2,1076,0,0,4,1
174,25,12,25,412.0,1067.0,21.76,10.88,2.176,495.0,225.0,79.0,59.0,301.0,36.0,0.0,20.0,6.835837935,6.835837935,2,0,0,0,4,1
175,25,12,25,1560.0,4391.0,85.76,42.88,8.576,980.0,915.0,43.0,166.0,347.0,128.0,0.0,296.0,4.953925876,4.953925876,2,1178,0,0,4,1
176,25,12,25,175.0,530.0,68.48,34.24,6.848000000000001,350.0,92.0,105.0,55.0,39.0,59.0,0.0,92.0,4.880902873,4.880902873,4,0,0,0,2,1
177,25,12,25,1157.0,3175.0,38.4,19.2,3.84,605.0,590.0,152.0,109.0,259.0,58.0,0.0,27.0,5.887087935,5.887087935,2,244,0,0,4,1
178,25,12,25,1214.0,3419.0,37.76,18.88,3.776,243.0,639.0,25.0,50.0,128.0,23.0,0.0,17.0,5.83112688,5.83112688,2,266,0,0,4,1
179,25,12,25,676.0,2065.0,41.6,20.8,4.16,967.0,335.0,267.0,257.0,210.0,95.0,0.0,138.0,5.83112688,5.83112688,2,0,0,0,4,1
180,25,12,25,1571.0,4422.0,63.36,31.68,6.336,1441.0,767.0,101.0,758.0,460.0,98.0,0.0,24.0,5.83112688,5.83112688,2,347,0,0,4,1
181,25,12,25,752.0,1949.0,32.64,16.32,3.264,500.0,294.0,78.0,57.0,262.0,90.0,0.0,13.0,6.809871694,6.809871694,2,899,0,0,4,1
182,25,12,25,0.0,0.0,276.48,138.24,27.648000000000003,568.0,0.0,289.0,96.0,113.0,51.0,0.0,19.0,5.91737688,5.91737688,4,0,0,0,2,1
183,25,12,25,265.0,538.0,83.2,41.6,8.32,478.0,16.0,10.0,377.0,59.0,15.0,0.0,17.0,6.809871694,6.809871694,4,0,0,0,2,1
184,25,12,25,0.0,0.0,145.28,72.64,14.528,1497.0,0.0,37.0,249.0,113.0,89.0,0.0,1009.0,8.15710678,8.15710678,4,0,0,0,2,1
185,25,12,25,0.0,0.0,1203.84,601.92,120.384,2495.0,0.0,191.0,359.0,62.0,325.0,0.0,1558.0,5.529624606,5.529624606,4,0,0,0,2,1
186,25,12,25,937.0,2445.0,127.36,63.68000000000001,12.736000000000002,1376.0,397.0,184.0,731.0,245.0,126.0,0.0,90.0,4.524735636,4.524735636,2,1297,0,0,4,1
187,25,12,25,928.0,2221.0,165.76,82.88,16.576,2720.0,352.0,403.0,449.0,255.0,240.0,0.0,1373.0,4.524735636,4.524735636,3,0,0,0,4,1
188,25,12,25,707.0,1857.0,67.84,33.92,6.784000000000001,300.0,291.0,64.0,65.0,131.0,27.0,0.0,13.0,4.524735636,4.524735636,2,231,0,0,4,1
189,25,12,25,812.0,2186.0,89.60000000000001,44.8,8.96,280.0,433.0,26.0,81.0,119.0,47.0,0.0,7.0,4.524735636,4.524735636,2,248,0,0,4,1
190,25,12,25,0.0,0.0,104.96,52.48,10.496000000000002,668.0,0.0,576.0,74.0,12.0,4.0,0.0,2.0,4.524735636,4.524735636,4,0,0,0,2,1
191,25,12,25,697.0,1707.0,294.40000000000003,147.20000000000002,29.440000000000005,965.0,210.0,112.0,303.0,223.0,135.0,0.0,192.0,4.524735636,4.524735636,4,0,0,0,2,1
192,25,11,25,128.0,272.0,35.2,17.6,3.5200000000000005,1352.0,12.0,65.0,1212.0,51.0,17.0,0.0,7.0,5.751231155,5.751231155,4,0,0,0,2,1
193,25,11,25,204.0,410.0,55.67999999999999,27.84,5.568,4109.0,39.0,1702.0,853.0,644.0,879.0,0.0,31.0,5.006193466,5.006193466,2,0,917,101,4,1
194,25,11,25,1062.0,1994.0,42.24,21.12,4.224,1675.0,84.0,190.0,807.0,426.0,229.0,0.0,23.0,5.020876255,5.020876255,3,0,162,18,4,1
195,25,11,25,121.0,292.0,101.76,50.88,10.176000000000002,310.0,7.0,24.0,74.0,51.0,83.0,0.0,78.0,2.258106155,2.258106155,4,0,0,0,2,1
196,25,11,25,1328.0,3574.0,59.52,29.76,5.952,772.0,888.0,69.0,193.0,257.0,82.0,0.0,171.0,3.551856155,3.551856155,3,0,0,0,4,1
197,25,11,25,1691.0,3701.0,67.84,33.92,6.784000000000001,1315.0,367.0,97.0,622.0,434.0,119.0,0.0,43.0,4.198731155,4.198731155,2,370,0,0,4,1
198,25,11,25,737.0,1438.0,64.64,32.32,6.464,4782.0,106.0,398.0,599.0,1086.0,2568.0,0.0,131.0,3.237145099,3.237145099,2,0,0,0,4,1
199,25,11,25,545.0,1262.0,28.8,14.4,2.88,576.0,183.0,293.0,129.0,98.0,41.0,0.0,15.0,2.215904522,2.215904522,2,0,0,0,4,1
200,25,11,25,1137.0,2513.0,40.96,20.48,4.096,906.0,257.0,99.0,206.0,466.0,87.0,0.0,48.0,2.594850502,2.594850502,2,1364,0,0,4,1
201,25,11,25,1572.0,3514.0,78.08,39.04,7.808,972.0,300.0,76.0,405.0,296.0,108.0,0.0,87.0,1.194663944,1.194663944,2,362,0,0,4,1
202,25,11,25,0.0,0.0,72.96000000000001,36.48,7.296000000000001,1958.0,0.0,137.0,1003.0,301.0,230.0,0.0,287.0,0.992798366,0.992798366,4,0,0,0,2,1
203,25,11,25,62.0,138.0,55.03999999999999,27.52,5.504,752.0,5.0,97.0,245.0,238.0,121.0,0.0,51.0,2.39667839,2.39667839,4,0,10218,1135,2,1
204,25,11,25,43.0,153.0,44.8,22.4,4.48,1920.0,0.0,530.0,136.0,641.0,47.0,0.0,566.0,0.992798366,0.992798366,4,0,2120,235,2,1
205,25,11,25,320.0,781.0,59.52,29.76,5.952,1580.0,76.0,83.0,536.0,187.0,563.0,0.0,211.0,0.992798366,0.992798366,3,0,0,0,4,1
206,25,11,25,7.0,16.0,53.760000000000005,26.880000000000003,5.376000000000001,347.0,0.0,39.0,107.0,41.0,55.0,0.0,105.0,1.035923366,1.035923366,4,0,0,0,2,1
207,25,16,25,1040.0,2624.0,126.72,63.36,12.672,739.0,279.0,26.0,128.0,448.0,78.0,0.0,59.0,0.844341165,0.844341165,3,0,0,0,4,1
208,25,16,25,1073.0,2455.0,119.04,59.52,11.904,969.0,182.0,162.0,219.0,201.0,130.0,0.0,257.0,0.844341165,0.844341165,2,0,0,0,4,1
209,25,16,25,894.0,2184.0,156.16,78.08,15.616,538.0,221.0,73.0,132.0,261.0,52.0,0.0,20.0,0.945662104,0.945662104,3,582,391,43,4,1
210,25,16,25,456.0,859.0,152.32,76.16,15.232,629.0,32.0,64.0,335.0,84.0,115.0,0.0,31.0,1.290662104,1.290662104,4,0,4764,529,2,1
211,25,16,25,809.0,1787.0,120.32,60.16,12.032,1500.0,111.0,404.0,688.0,167.0,203.0,0.0,38.0,1.797266803,1.797266803,2,38,0,0,4,1
212,25,16,25,786.0,2071.0,78.72,39.36,7.872,273.0,209.0,38.0,91.0,60.0,76.0,0.0,8.0,1.080756691,1.080756691,3,0,0,0,4,1
213,25,16,25,1132.0,2812.0,83.84,41.92,8.384,1158.0,220.0,154.0,592.0,339.0,66.0,0.0,7.0,0.844341165,0.844341165,3,265,0,0,4,1
214,25,16,25,386.0,916.0,42.24,21.12,4.224,514.0,120.0,86.0,163.0,142.0,31.0,0.0,92.0,1.18207763,1.18207763,2,155,0,0,4,1
215,25,16,25,865.0,2040.0,72.96000000000001,36.48,7.296000000000001,231.0,196.0,9.0,117.0,52.0,31.0,0.0,22.0,1.52707763,1.52707763,2,0,63,7,4,1
216,25,16,25,724.0,1865.0,56.96,28.48,5.696,943.0,219.0,415.0,151.0,240.0,81.0,0.0,56.0,1.418493157,1.418493157,2,0,0,0,4,1
217,25,16,25,1005.0,1846.0,22.4,11.2,2.24,291.0,140.0,42.0,119.0,50.0,80.0,0.0,0.0,1.52707763,1.52707763,2,0,0,0,4,1
218,25,16,25,1508.0,3416.0,56.96,28.48,5.696,377.0,360.0,11.0,139.0,163.0,43.0,0.0,21.0,1.52707763,1.52707763,2,0,0,0,4,1
219,25,16,25,959.0,1879.0,24.96,12.48,2.4960000000000004,327.0,147.0,17.0,80.0,211.0,17.0,0.0,2.0,1.52707763,1.52707763,2,0,0,0,4,1
220,25,16,25,2188.0,4506.0,56.31999999999999,28.16,5.632,680.0,281.0,78.0,188.0,371.0,32.0,0.0,11.0,1.797266803,1.797266803,2,0,0,0,4,1
221,25,16,25,967.0,1932.0,22.4,11.2,2.24,430.0,112.0,85.0,128.0,195.0,18.0,0.0,4.0,2.033682329,2.033682329,2,115,0,0,4,1
222,25,16,25,33.0,115.0,106.24,53.120000000000005,10.624000000000002,974.0,20.0,314.0,207.0,112.0,292.0,0.0,49.0,1.361841165,1.361841165,4,0,0,0,2,1
223,25,16,25,184.0,531.0,90.88,45.44,9.088,8702.0,55.0,1393.0,3172.0,1740.0,1689.0,0.0,708.0,1.350945863,1.350945863,4,0,0,0,2,1
224,25,16,25,659.0,1718.0,48.0,24.0,4.800000000000001,751.0,267.0,130.0,354.0,142.0,77.0,0.0,48.0,1.080756691,1.080756691,2,0,0,0,4,1
225,25,16,25,845.0,2077.0,84.48,42.24,8.448,532.0,212.0,110.0,125.0,198.0,73.0,0.0,26.0,1.080756691,1.080756691,2,333,0,0,4,1
226,25,16,25,493.0,1107.0,39.04,19.52,3.904,7819.0,91.0,158.0,7182.0,132.0,286.0,0.0,61.0,1.18207763,1.18207763,2,52,0,0,4,1
227,25,16,25,765.0,1639.0,55.03999999999999,27.52,5.504,1219.0,154.0,73.0,77.0,1028.0,32.0,0.0,9.0,1.418493157,1.418493157,2,781,0,0,4,1
228,25,16,25,1447.0,4137.0,37.120000000000005,18.56,3.7120000000000006,837.0,732.0,31.0,125.0,620.0,47.0,0.0,14.0,1.18207763,1.18207763,2,564,0,0,4,1
229,25,16,25,540.0,1116.0,42.88,21.44,4.288,580.0,147.0,12.0,53.0,484.0,8.0,0.0,23.0,1.418493157,1.418493157,2,0,0,0,4,1
230,25,16,25,775.0,1698.0,46.08,23.04,4.608,817.0,205.0,83.0,291.0,370.0,58.0,0.0,15.0,1.688682329,1.688682329,2,640,0,0,4,1
231,25,16,25,1215.0,2705.0,27.52,13.759999999999998,2.752,530.0,172.0,133.0,125.0,207.0,49.0,0.0,16.0,1.688682329,1.688682329,2,0,0,0,4,1
232,25,16,25,1585.0,3299.0,42.88,21.44,4.288,1215.0,290.0,206.0,203.0,512.0,91.0,0.0,203.0,2.303871502,2.303871502,2,0,0,0,4,1
233,25,16,25,1341.0,2687.0,23.04,11.52,2.304,811.0,155.0,199.0,355.0,119.0,31.0,0.0,107.0,2.337645148,2.337645148,2,0,0,0,4,1
234,25,16,25,748.0,1671.0,13.44,6.720000000000001,1.3440000000000003,240.0,222.0,58.0,73.0,86.0,12.0,0.0,11.0,1.958871502,1.958871502,2,0,0,0,4,1
235,25,16,25,835.0,2045.0,29.44,14.72,2.944,415.0,196.0,192.0,62.0,105.0,24.0,0.0,32.0,1.958871502,1.958871502,2,0,0,0,4,1
236,25,16,25,669.0,1621.0,26.880000000000003,13.44,2.6880000000000006,1091.0,101.0,470.0,176.0,354.0,80.0,0.0,11.0,1.96406475,1.96406475,2,0,0,0,4,1
237,25,16,25,691.0,1399.0,14.079999999999998,7.039999999999999,1.408,1324.0,116.0,659.0,297.0,332.0,24.0,0.0,12.0,1.96406475,1.96406475,2,0,0,0,4,1
238,25,16,25,325.0,742.0,147.20000000000002,73.60000000000001,14.720000000000002,626.0,92.0,29.0,42.0,62.0,480.0,0.0,13.0,2.91951688,2.91951688,4,0,0,0,2,1
239,25,16,25,136.0,327.0,107.52,53.760000000000005,10.752000000000002,1389.0,28.0,235.0,650.0,310.0,129.0,0.0,65.0,3.324800639,3.324800639,4,0,0,0,2,1
240,25,16,25,672.0,1807.0,58.88,29.44,5.888,740.0,220.0,80.0,311.0,135.0,53.0,0.0,161.0,2.115756691,2.115756691,3,0,0,0,4,1
241,25,16,25,193.0,418.0,41.6,20.8,4.16,548.0,35.0,350.0,58.0,21.0,15.0,0.0,104.0,2.115756691,2.115756691,4,0,0,0,2,1
242,25,16,25,619.0,1469.0,63.36,31.68,6.336,1345.0,157.0,114.0,210.0,657.0,289.0,0.0,75.0,1.868445863,1.868445863,2,602,0,0,4,1
243,25,16,25,939.0,2543.0,80.0,40.0,8.0,680.0,342.0,66.0,385.0,100.0,79.0,0.0,50.0,2.59988941,2.59988941,2,0,0,0,4,1
244,25,16,25,694.0,1587.0,99.2,49.6,9.920000000000002,2353.0,160.0,264.0,581.0,436.0,830.0,0.0,242.0,3.845022926,3.845022926,2,0,702,78,4,1
245,25,16,25,82.0,225.0,92.8,46.4,9.28,486.0,30.0,94.0,127.0,89.0,77.0,0.0,99.0,2.583502625,2.583502625,4,0,423,47,2,1
246,25,16,25,0.0,0.0,147.20000000000002,73.60000000000001,14.720000000000002,655.0,0.0,385.0,59.0,60.0,40.0,0.0,111.0,2.684069124,2.684069124,4,0,0,0,2,1
247,25,16,25,549.0,1489.0,39.04,19.52,3.904,1273.0,128.0,280.0,346.0,146.0,169.0,0.0,332.0,1.437195863,1.437195863,2,0,0,0,4,1
248,25,16,25,477.0,1375.0,28.8,14.4,2.88,915.0,132.0,471.0,148.0,77.0,65.0,0.0,154.0,1.621135036,1.621135036,2,30,0,0,4,1
249,25,16,25,941.0,2501.0,39.68,19.84,3.968,492.0,236.0,77.0,195.0,164.0,38.0,0.0,18.0,1.741158683,1.741158683,2,0,0,0,4,1
250,25,16,25,464.0,1035.0,26.880000000000003,13.44,2.6880000000000006,915.0,73.0,305.0,170.0,293.0,73.0,0.0,74.0,2.879447469,2.879447469,2,0,246,27,4,1
251,25,16,25,1.0,4.0,23.68,11.84,2.368,259.0,0.0,103.0,35.0,110.0,9.0,0.0,2.0,5.10742996,5.10742996,4,0,4468,496,2,1
252,25,16,25,0.0,0.0,17.92,8.96,1.7920000000000005,477.0,0.0,131.0,22.0,199.0,102.0,0.0,23.0,3.217183935,3.217183935,4,1166,2026,225,2,1
253,25,16,25,3.0,10.0,42.24,21.12,4.224,1113.0,1.0,116.0,77.0,260.0,656.0,0.0,4.0,6.228291349,6.228291349,4,193,3603,400,2,1
254,25,16,25,94.0,188.0,31.36,15.68,3.136,188.0,48.0,15.0,14.0,89.0,67.0,0.0,3.0,7.511440859,7.511440859,4,0,2429,269,2,1
255,25,16,25,52.0,106.0,9.6,4.8,0.96,395.0,12.0,47.0,32.0,282.0,29.0,0.0,5.0,7.90047101,7.90047101,4,0,2341,260,2,1
256,25,16,25,511.0,983.0,48.64,24.32,4.864000000000001,12717.0,116.0,298.0,142.0,12205.0,49.0,0.0,23.0,8.652835534,8.652835534,2,0,1271,141,4,1
257,25,16,25,681.0,1284.0,38.4,19.2,3.84,399.0,114.0,124.0,112.0,118.0,43.0,0.0,2.0,9.846576112,9.846576112,2,0,332,36,4,1
258,25,16,25,345.0,695.0,23.68,11.84,2.368,847.0,83.0,336.0,162.0,267.0,73.0,0.0,9.0,7.90047101,7.90047101,2,0,5613,623,4,1
259,25,16,25,820.0,1526.0,26.24,13.12,2.624000000000001,2227.0,157.0,861.0,568.0,625.0,146.0,0.0,27.0,10.05211694,10.05211694,2,0,0,0,4,1
260,25,16,25,550.0,1099.0,21.12,10.56,2.112,463.0,161.0,63.0,168.0,196.0,31.0,0.0,5.0,6.86547101,6.86547101,2,0,1557,173,4,1
261,25,16,25,663.0,1401.0,17.28,8.64,1.7280000000000002,410.0,132.0,135.0,151.0,95.0,22.0,0.0,7.0,6.86547101,6.86547101,2,0,130,14,4,1
262,25,16,25,93.0,197.0,30.08,15.04,3.008,1408.0,20.0,5.0,784.0,512.0,71.0,0.0,36.0,6.069016237,6.069016237,4,0,0,0,2,1
263,25,16,25,0.0,0.0,19.2,9.6,1.92,2805.0,0.0,2729.0,24.0,6.0,34.0,0.0,12.0,7.90047101,7.90047101,4,0,0,0,2,1
264,25,16,25,444.0,857.0,26.24,13.12,2.624000000000001,457.0,60.0,9.0,159.0,190.0,95.0,0.0,4.0,8.077491316,8.077491316,2,0,206,22,4,1
265,25,16,25,596.0,1171.0,27.52,13.759999999999998,2.752,854.0,116.0,253.0,163.0,276.0,121.0,0.0,41.0,9.618734496,9.618734496,2,0,1492,165,4,1
266,25,16,25,1579.0,3081.0,12.16,6.08,1.2160000000000002,1029.0,183.0,9.0,416.0,386.0,21.0,0.0,197.0,10.68203944,10.68203944,2,0,412,45,4,1
267,25,16,25,528.0,962.0,6.4,3.2,0.6400000000000001,517.0,58.0,294.0,40.0,158.0,14.0,0.0,11.0,9.628663185,9.628663185,2,0,412,45,4,1
268,25,16,25,1093.0,2479.0,19.2,9.6,1.92,2527.0,102.0,848.0,694.0,573.0,355.0,0.0,57.0,7.35543395,7.35543395,2,0,0,0,4,1
269,25,16,25,1188.0,2596.0,17.28,8.64,1.7280000000000002,1311.0,132.0,342.0,254.0,441.0,243.0,0.0,31.0,6.675518122,6.675518122,2,0,0,0,4,1
270,25,16,25,1112.0,2078.0,15.36,7.68,1.536,619.0,154.0,80.0,134.0,259.0,12.0,0.0,134.0,6.675518122,6.675518122,2,0,0,0,4,1
271,25,16,25,1330.0,2517.0,42.24,21.12,4.224,629.0,140.0,33.0,157.0,374.0,55.0,0.0,10.0,6.990885047,6.990885047,2,0,0,0,4,1
272,25,16,25,327.0,620.0,25.6,12.8,2.5600000000000005,151.0,73.0,1.0,37.0,102.0,10.0,0.0,1.0,7.921216911,7.921216911,2,383,1670,185,4,1
273,25,16,25,1161.0,2546.0,15.36,7.68,1.536,1216.0,204.0,546.0,342.0,305.0,16.0,0.0,7.0,10.16453944,10.16453944,2,0,636,70,4,1
274,25,16,25,101.0,194.0,25.6,12.8,2.5600000000000005,1197.0,33.0,1005.0,65.0,105.0,21.0,0.0,1.0,6.917471103,6.917471103,4,0,138,15,2,1
275,25,16,25,444.0,877.0,9.6,4.8,0.96,113.0,109.0,0.0,73.0,23.0,16.0,0.0,1.0,8.208271855,8.208271855,2,0,1670,185,4,1
276,25,16,25,320.0,702.0,10.24,5.12,1.024,952.0,91.0,590.0,98.0,175.0,78.0,0.0,11.0,7.3273956,7.3273956,2,0,1670,185,4,1
277,25,15,25,358.0,586.0,57.6,28.8,5.76,5395.0,46.0,444.0,784.0,3741.0,396.0,0.0,30.0,8.444143509,8.444143509,4,0,6275,697,2,1
278,25,15,25,3.0,9.0,30.08,15.04,3.008,745.0,0.0,96.0,250.0,240.0,136.0,0.0,23.0,5.794494803,5.794494803,4,0,5516,612,2,1
279,25,16,25,132.0,253.0,40.32,20.16,4.032,1440.0,35.0,147.0,220.0,937.0,126.0,0.0,10.0,6.639421482,6.639421482,4,471,2346,260,2,1
280,25,16,25,2.0,6.0,46.08,23.04,4.608,1258.0,0.0,55.0,84.0,1096.0,22.0,0.0,1.0,6.424719848,6.424719848,4,0,3264,362,2,1
281,25,16,25,1.0,2.0,23.04,11.52,2.304,1508.0,0.0,60.0,29.0,1387.0,32.0,0.0,0.0,6.942219848,6.942219848,4,2440,11322,1258,2,1
282,25,16,25,185.0,367.0,16.0,8.0,1.6,956.0,69.0,230.0,135.0,509.0,62.0,0.0,20.0,6.47519535,6.47519535,2,0,1920,213,4,1
283,25,16,25,2.0,3.0,11.52,5.76,1.152,117.0,2.0,3.0,11.0,91.0,8.0,0.0,4.0,6.258931554,6.258931554,4,0,0,0,2,1
284,25,16,25,161.0,366.0,11.52,5.76,1.152,3024.0,2.0,545.0,952.0,841.0,623.0,0.0,63.0,6.258931554,6.258931554,2,0,0,0,4,1
285,25,16,25,135.0,255.0,8.32,4.16,0.8320000000000001,2089.0,30.0,480.0,391.0,717.0,385.0,0.0,116.0,6.258931554,6.258931554,2,0,698,77,4,1
286,25,16,25,2.0,6.0,23.68,11.84,2.368,3028.0,0.0,185.0,487.0,2071.0,268.0,0.0,17.0,7.035181554,7.035181554,4,0,1952,216,2,1
287,25,16,25,0.0,0.0,10.88,5.44,1.088,12.0,0.0,1.0,4.0,5.0,2.0,0.0,0.0,6.603931554,6.603931554,4,0,0,0,2,1
288,25,15,25,0.0,0.0,20.48,10.24,2.048,540.0,0.0,28.0,34.0,458.0,19.0,0.0,1.0,6.82019535,6.82019535,4,0,3140,348,2,1
289,25,15,25,512.0,1308.0,35.84,17.92,3.5840000000000005,340.0,223.0,60.0,114.0,101.0,60.0,0.0,5.0,5.563885831,5.563885831,2,0,724,80,4,1
290,25,15,25,229.0,567.0,18.56,9.28,1.8560000000000003,3037.0,17.0,22.0,89.0,312.0,2610.0,0.0,4.0,5.888742757,5.888742757,2,0,1191,132,4,1
291,25,15,25,958.0,2679.0,62.08,31.04,6.208,884.0,478.0,63.0,209.0,399.0,188.0,0.0,25.0,6.863604921,6.863604921,2,798,0,0,4,1
292,25,15,25,1254.0,2674.0,28.16,14.079999999999998,2.816,1097.0,214.0,367.0,274.0,373.0,58.0,0.0,25.0,6.733306554,6.733306554,2,0,104,11,4,1
293,25,16,25,1256.0,2857.0,41.6,20.8,4.16,2108.0,476.0,228.0,770.0,819.0,221.0,0.0,70.0,6.603931554,6.603931554,2,0,0,0,4,1
294,25,15,25,1614.0,4367.0,80.0,40.0,8.0,641.0,471.0,98.0,222.0,203.0,97.0,0.0,21.0,6.302056554,6.302056554,2,0,0,0,4,1
295,25,15,25,80.0,185.0,40.96,20.48,4.096,321.0,15.0,2.0,20.0,281.0,7.0,0.0,11.0,5.612056554,5.612056554,4,0,0,0,2,1
296,25,15,25,1130.0,2844.0,53.120000000000005,26.56,5.312000000000001,893.0,272.0,49.0,108.0,383.0,276.0,0.0,77.0,5.957056554,5.957056554,2,1518,0,0,4,1
297,25,15,25,393.0,854.0,55.03999999999999,27.52,5.504,755.0,43.0,50.0,56.0,144.0,501.0,0.0,4.0,4.275181554,4.275181554,2,0,0,0,4,1
298,25,15,25,0.0,0.0,25.6,12.8,2.5600000000000005,164.0,0.0,2.0,24.0,107.0,28.0,0.0,3.0,5.051431554,5.051431554,4,646,0,0,2,1
299,25,15,25,917.0,2254.0,59.52,29.76,5.952,1858.0,259.0,79.0,922.0,330.0,499.0,0.0,28.0,3.40541802,3.40541802,2,0,0,0,4,1
300,25,15,25,736.0,1517.0,47.36,23.68,4.736,201.0,90.0,6.0,121.0,63.0,8.0,0.0,3.0,3.40541802,3.40541802,2,0,0,0,4,1
301,25,15,25,796.0,1997.0,37.120000000000005,18.56,3.7120000000000006,591.0,479.0,134.0,105.0,316.0,30.0,0.0,6.0,3.952007223,3.952007223,2,0,0,0,4,1
302,25,15,25,908.0,1967.0,156.16,78.08,15.616,818.0,118.0,78.0,154.0,408.0,156.0,0.0,22.0,3.40541802,3.40541802,2,865,0,0,4,1
303,25,15,25,1080.0,2613.0,63.36,31.68,6.336,692.0,230.0,77.0,201.0,195.0,182.0,0.0,37.0,3.40541802,3.40541802,2,0,0,0,4,1
304,25,15,25,918.0,2365.0,56.31999999999999,28.16,5.632,638.0,306.0,120.0,159.0,262.0,68.0,0.0,29.0,3.40541802,3.40541802,2,416,0,0,4,1
305,25,15,25,1138.0,2610.0,99.84,49.92,9.984000000000002,818.0,302.0,53.0,178.0,452.0,86.0,0.0,49.0,3.40541802,3.40541802,2,0,0,0,4,1
306,25,15,25,695.0,1617.0,446.08,223.04,44.608,3270.0,209.0,91.0,191.0,2774.0,145.0,0.0,69.0,1.326506037,1.326506037,4,532,0,0,2,1
307,25,15,25,792.0,1892.0,104.32,52.16,10.432000000000002,1026.0,209.0,231.0,294.0,274.0,81.0,0.0,146.0,2.97416802,2.97416802,2,0,0,0,4,1
308,25,15,25,1001.0,2174.0,92.16,46.08,9.216,863.0,158.0,151.0,228.0,261.0,181.0,0.0,42.0,2.46498423,2.46498423,2,501,0,0,4,1
309,25,15,25,1447.0,3267.0,97.92,48.96,9.792000000000002,749.0,341.0,94.0,285.0,215.0,126.0,0.0,29.0,2.128300441,2.128300441,2,0,0,0,4,1
310,25,15,25,101.0,219.0,252.8,126.4,25.28,1001.0,34.0,61.0,71.0,687.0,175.0,0.0,7.0,1.326506037,1.326506037,4,0,0,0,2,1
312,25,15,25,1141.0,2663.0,29.44,14.72,2.944,914.0,284.0,394.0,226.0,213.0,75.0,0.0,6.0,7.838564991,7.838564991,2,20,1191,132,4,1
313,25,15,25,1541.0,3727.0,49.92,24.96,4.992000000000001,538.0,747.0,84.0,206.0,168.0,72.0,0.0,8.0,3.31867743,3.31867743,2,0,0,0,4,1
314,25,15,25,898.0,1991.0,45.44,22.72,4.544,1023.0,334.0,79.0,343.0,410.0,165.0,0.0,26.0,3.495318002,3.495318002,2,0,0,0,4,1
315,25,15,25,105.0,207.0,26.880000000000003,13.44,2.6880000000000006,1975.0,3.0,208.0,311.0,215.0,213.0,0.0,1028.0,1.982568934,1.982568934,4,0,382,42,2,1
316,25,14,25,209.0,499.0,80.0,40.0,8.0,2262.0,90.0,506.0,330.0,209.0,829.0,0.0,388.0,1.577285175,1.577285175,4,0,0,0,2,1
317,25,14,25,857.0,2482.0,96.64,48.32,9.664,1628.0,546.0,141.0,403.0,540.0,327.0,0.0,217.0,1.232285175,1.232285175,3,431,0,0,4,1
318,25,14,25,33.0,94.0,31.36,15.68,3.136,27.0,15.0,8.0,12.0,4.0,3.0,0.0,0.0,0.889113693,0.889113693,4,0,0,0,2,1
319,25,14,25,630.0,1798.0,47.36,23.68,4.736,652.0,341.0,158.0,184.0,124.0,163.0,0.0,23.0,0.889113693,0.889113693,2,0,0,0,4,1
320,25,15,25,575.0,1455.0,27.52,13.759999999999998,2.752,226.0,303.0,7.0,114.0,57.0,40.0,0.0,8.0,5.34555243,5.34555243,2,0,0,0,4,1
321,25,15,25,220.0,442.0,55.03999999999999,27.52,5.504,1028.0,79.0,36.0,65.0,635.0,62.0,0.0,230.0,4.241718888,4.241718888,4,2393,0,0,2,1
322,25,15,25,463.0,954.0,56.31999999999999,28.16,5.632,2790.0,128.0,280.0,522.0,1042.0,781.0,0.0,165.0,4.00867743,4.00867743,2,245,0,0,4,1
323,25,15,25,1307.0,3178.0,113.28,56.64,11.328,1765.0,702.0,119.0,356.0,1056.0,191.0,0.0,43.0,2.73648446,2.73648446,3,1777,0,0,4,1
324,25,15,25,238.0,525.0,42.88,21.44,4.288,1605.0,46.0,988.0,74.0,504.0,27.0,0.0,12.0,4.447681554,4.447681554,3,344,1506,167,4,1
325,25,15,25,964.0,2288.0,79.36,39.68,7.936,759.0,295.0,36.0,257.0,285.0,167.0,0.0,14.0,4.084341729,4.084341729,2,136,0,0,4,1
326,25,15,25,702.0,1632.0,74.24000000000001,37.120000000000005,7.424000000000001,467.0,333.0,22.0,115.0,204.0,72.0,0.0,54.0,3.185928362,3.185928362,2,532,0,0,4,1
327,25,15,25,643.0,1469.0,46.72,23.36,4.672,579.0,286.0,254.0,135.0,137.0,48.0,0.0,5.0,1.749785175,1.749785175,3,0,0,0,4,1
328,25,15,25,1140.0,2753.0,75.52,37.76,7.552,491.0,479.0,50.0,117.0,129.0,173.0,0.0,22.0,1.749785175,1.749785175,3,0,0,0,4,1
329,25,14,25,878.0,2504.0,78.08,39.04,7.808,698.0,574.0,60.0,139.0,195.0,133.0,0.0,171.0,1.232285175,1.232285175,3,0,0,0,4,1
330,25,14,25,1095.0,2770.0,97.28,48.64,9.728000000000002,574.0,602.0,34.0,134.0,307.0,80.0,0.0,19.0,0.646875,0.646875,3,273,0,0,4,1
331,25,14,25,680.0,1629.0,42.88,21.44,4.288,536.0,261.0,80.0,123.0,218.0,91.0,0.0,24.0,0.646875,0.646875,3,0,0,0,4,1
332,25,15,25,813.0,1840.0,88.96000000000001,44.48,8.896,471.0,190.0,30.0,117.0,122.0,165.0,0.0,37.0,4.016431554,4.016431554,2,0,0,0,4,1
333,25,15,25,1260.0,3096.0,80.64,40.32,8.064,1475.0,636.0,102.0,129.0,1023.0,199.0,0.0,22.0,3.57791802,3.57791802,2,0,0,0,4,1
334,25,15,25,1176.0,2826.0,73.60000000000001,36.8,7.360000000000001,577.0,509.0,38.0,162.0,216.0,150.0,0.0,11.0,2.93104302,2.93104302,2,139,0,0,4,1
335,25,15,25,865.0,2147.0,65.92,32.96,6.5920000000000005,422.0,397.0,18.0,75.0,263.0,53.0,0.0,13.0,1.845282948,1.845282948,3,834,0,0,4,1
336,25,15,25,795.0,1886.0,74.24000000000001,37.120000000000005,7.424000000000001,830.0,351.0,39.0,167.0,512.0,90.0,0.0,22.0,1.742521641,1.742521641,3,2068,0,0,4,1
337,25,15,25,715.0,1825.0,57.6,28.8,5.76,775.0,371.0,76.0,216.0,340.0,130.0,0.0,13.0,0.995360844,0.995360844,3,137,0,0,4,1
338,25,14,25,1354.0,3669.0,90.88,45.44,9.088,785.0,825.0,39.0,251.0,325.0,110.0,0.0,60.0,0.409950669,0.409950669,3,886,0,0,4,1
339,25,14,25,832.0,2189.0,68.48,34.24,6.848000000000001,860.0,486.0,312.0,103.0,303.0,131.0,0.0,11.0,0.639611466,0.639611466,3,403,0,0,4,1
340,25,15,25,1530.0,3755.0,74.24000000000001,37.120000000000005,7.424000000000001,328.0,830.0,25.0,136.0,88.0,53.0,0.0,26.0,2.75854302,2.75854302,3,0,0,0,4,1
341,25,15,25,1275.0,3307.0,49.28,24.64,4.928000000000001,342.0,737.0,27.0,148.0,110.0,39.0,0.0,18.0,0.639611466,0.639611466,3,66,0,0,4,1
342,25,14,25,1162.0,3010.0,65.92,32.96,6.5920000000000005,772.0,767.0,82.0,191.0,336.0,97.0,0.0,66.0,0.467111466,0.467111466,3,0,0,0,4,1
343,25,15,25,1028.0,2495.0,88.96000000000001,44.48,8.896,2111.0,285.0,346.0,432.0,554.0,467.0,0.0,312.0,3.40541802,3.40541802,2,317,0,0,4,1
344,25,15,25,1224.0,3109.0,84.48,42.24,8.448,1016.0,479.0,96.0,191.0,516.0,136.0,0.0,77.0,3.23291802,3.23291802,2,445,0,0,4,1
345,25,15,25,906.0,2073.0,78.72,39.36,7.872,1266.0,275.0,184.0,146.0,771.0,97.0,0.0,68.0,2.46498423,2.46498423,2,566,0,0,4,1
346,25,15,25,2.0,2.0,459.52,229.76,45.952,424.0,0.0,338.0,41.0,34.0,9.0,0.0,2.0,2.20623423,2.20623423,4,0,0,0,2,1
347,25,15,25,252.0,636.0,56.96,28.48,5.696,774.0,54.0,80.0,379.0,64.0,209.0,0.0,42.0,1.603449939,1.603449939,4,0,0,0,2,1
348,25,15,25,933.0,2089.0,90.24,45.12,9.024,705.0,203.0,122.0,133.0,188.0,189.0,0.0,73.0,1.540587089,1.540587089,2,0,0,0,4,1
349,25,15,25,3.0,10.0,310.4,155.2,31.04,1135.0,1.0,2.0,46.0,1019.0,62.0,0.0,6.0,0.621435097,0.621435097,4,0,0,0,2,1
350,25,15,25,757.0,1947.0,87.04,43.52,8.704,547.0,425.0,38.0,120.0,100.0,280.0,0.0,9.0,0.668718202,0.668718202,3,0,0,0,4,1
351,25,15,25,153.0,388.0,192.64,96.32,19.264,990.0,63.0,79.0,407.0,162.0,322.0,0.0,20.0,0.763284413,0.763284413,4,0,0,0,2,1
352,25,15,25,601.0,1693.0,44.16,22.08,4.416,693.0,426.0,51.0,67.0,215.0,354.0,0.0,6.0,0.668718202,0.668718202,3,0,0,0,4,1
353,25,14,25,792.0,2069.0,46.72,23.36,4.672,346.0,315.0,52.0,71.0,132.0,39.0,0.0,52.0,0.646875,0.646875,2,0,0,0,4,1
354,25,14,25,1586.0,4329.0,81.92,40.96,8.192,622.0,666.0,88.0,226.0,212.0,85.0,0.0,11.0,0.129375,0.129375,2,0,0,0,4,1
355,25,14,25,80.0,205.0,41.6,20.8,4.16,550.0,28.0,65.0,116.0,107.0,258.0,0.0,4.0,0.129375,0.129375,4,0,0,0,2,1
356,25,14,25,1062.0,2675.0,57.6,28.8,5.76,573.0,428.0,21.0,358.0,155.0,23.0,0.0,16.0,0.0,0.0,2,0,0,0,4,1
357,25,14,25,167.0,412.0,108.8,54.400000000000006,10.880000000000004,1140.0,44.0,225.0,283.0,314.0,292.0,0.0,26.0,0.0,0.0,4,0,14390,1598,2,1
358,25,14,25,334.0,713.0,90.88,45.44,9.088,386.0,77.0,12.0,69.0,272.0,25.0,0.0,8.0,0.129375,0.129375,4,2174,0,0,2,1
359,25,14,25,180.0,463.0,48.0,24.0,4.800000000000001,4223.0,40.0,139.0,804.0,441.0,2730.0,0.0,109.0,0.129375,0.129375,4,0,0,0,2,1
360,25,14,25,614.0,1375.0,136.96,68.48,13.696000000000002,166.0,137.0,6.0,58.0,71.0,24.0,0.0,7.0,0.129375,0.129375,4,0,0,0,2,1
361,25,14,25,988.0,2688.0,62.72,31.36,6.272,576.0,479.0,82.0,245.0,170.0,63.0,0.0,16.0,0.129375,0.129375,2,270,0,0,4,1
362,25,14,25,914.0,2387.0,65.28,32.64,6.5280000000000005,701.0,421.0,90.0,119.0,294.0,182.0,0.0,16.0,0.301875,0.301875,2,244,0,0,4,1
363,25,14,25,527.0,1259.0,81.92,40.96,8.192,1498.0,182.0,204.0,609.0,319.0,154.0,0.0,212.0,0.129375,0.129375,3,0,0,0,4,1
364,25,14,25,1125.0,3165.0,71.04,35.52,7.104000000000001,666.0,694.0,74.0,150.0,229.0,125.0,0.0,88.0,0.301875,0.301875,2,0,0,0,4,1
365,25,14,25,1036.0,2931.0,89.60000000000001,44.8,8.96,2050.0,666.0,207.0,278.0,747.0,157.0,0.0,661.0,0.129375,0.129375,2,703,141,15,4,1
366,25,14,25,1223.0,3438.0,109.44,54.720000000000006,10.944000000000004,1010.0,666.0,88.0,150.0,584.0,174.0,0.0,14.0,0.129375,0.129375,3,784,0,0,4,1
367,25,14,25,904.0,2503.0,65.92,32.96,6.5920000000000005,341.0,511.0,53.0,99.0,121.0,60.0,0.0,8.0,0.129375,0.129375,2,0,0,0,4,1
368,25,14,25,824.0,2261.0,53.760000000000005,26.880000000000003,5.376000000000001,735.0,464.0,131.0,155.0,255.0,154.0,0.0,40.0,0.129375,0.129375,2,815,0,0,4,1
369,25,14,25,1167.0,3502.0,83.2,41.6,8.32,391.0,837.0,25.0,102.0,151.0,97.0,0.0,16.0,0.271224316,0.271224316,2,668,0,0,4,1
370,25,14,25,1510.0,4374.0,134.4,67.2,13.44,875.0,949.0,206.0,188.0,254.0,185.0,0.0,42.0,0.467111466,0.467111466,2,0,0,0,4,1
371,25,14,25,1466.0,3815.0,99.84,49.92,9.984000000000002,479.0,828.0,56.0,100.0,208.0,94.0,0.0,21.0,0.467111466,0.467111466,3,347,0,0,4,1
372,25,14,25,771.0,2079.0,116.48,58.24,11.648,413.0,496.0,40.0,64.0,194.0,91.0,0.0,24.0,0.479585781,0.479585781,3,593,0,0,4,1
373,25,14,25,1024.0,2955.0,84.48,42.24,8.448,787.0,722.0,169.0,173.0,315.0,111.0,0.0,19.0,0.608960781,0.608960781,2,310,0,0,4,1
374,25,14,25,636.0,1709.0,69.76,34.88,6.976000000000001,484.0,357.0,62.0,63.0,164.0,180.0,0.0,15.0,0.497507748,0.497507748,2,0,0,0,4,1
375,25,14,25,570.0,1707.0,73.60000000000001,36.8,7.360000000000001,1542.0,404.0,1072.0,138.0,241.0,58.0,0.0,33.0,0.389432079,0.389432079,2,224,0,0,4,1
376,25,14,25,375.0,939.0,26.24,13.12,2.624000000000001,784.0,169.0,135.0,149.0,189.0,296.0,0.0,15.0,0.389432079,0.389432079,2,0,0,0,4,1
377,25,14,25,291.0,738.0,72.32000000000001,36.16,7.232000000000001,1261.0,134.0,45.0,63.0,257.0,547.0,0.0,349.0,0.389432079,0.389432079,4,871,0,0,2,1
378,25,14,25,343.0,880.0,135.68,67.84,13.568,633.0,144.0,261.0,101.0,94.0,130.0,0.0,47.0,0.129375,0.129375,4,0,0,0,2,1
379,25,14,25,1211.0,3315.0,100.48,50.24,10.048000000000002,842.0,807.0,77.0,133.0,446.0,119.0,0.0,67.0,0.668718202,0.668718202,3,0,0,0,4,1
380,25,14,25,967.0,2836.0,103.68,51.84,10.368000000000002,1213.0,558.0,49.0,428.0,463.0,188.0,0.0,85.0,0.597793545,0.597793545,2,1396,0,0,4,1
381,25,14,25,731.0,1786.0,68.48,34.24,6.848000000000001,691.0,333.0,125.0,140.0,304.0,99.0,0.0,23.0,0.716001308,0.716001308,2,0,0,0,4,1
382,25,14,25,849.0,2350.0,51.84,25.92,5.184000000000001,1108.0,566.0,34.0,143.0,706.0,121.0,0.0,104.0,0.486340511,0.486340511,2,0,0,0,4,1
383,25,14,25,1175.0,3173.0,69.12,34.56,6.912000000000001,624.0,584.0,45.0,101.0,411.0,51.0,0.0,16.0,0.389432079,0.389432079,2,0,0,0,4,1
384,25,14,25,973.0,2439.0,52.48,26.24,5.248000000000001,600.0,386.0,67.0,70.0,325.0,71.0,0.0,67.0,0.520114157,0.520114157,2,0,0,0,4,1
385,25,14,25,1043.0,2604.0,71.04,35.52,7.104000000000001,233.0,447.0,4.0,93.0,77.0,37.0,0.0,22.0,0.520114157,0.520114157,2,0,0,0,4,1
386,25,14,25,989.0,2263.0,104.96,52.48,10.496000000000002,1251.0,251.0,220.0,158.0,785.0,64.0,0.0,24.0,0.520114157,0.520114157,3,606,0,0,4,1
387,25,14,25,301.0,698.0,173.44,86.72,17.344,1876.0,81.0,517.0,439.0,589.0,257.0,0.0,74.0,0.520114157,0.520114157,4,0,0,0,2,1
388,25,14,25,972.0,2784.0,87.04,43.52,8.704,562.0,614.0,40.0,139.0,255.0,110.0,0.0,18.0,0.668718202,0.668718202,3,245,0,0,4,1
389,25,14,25,1314.0,3500.0,126.08,63.040000000000006,12.608000000000002,653.0,687.0,60.0,120.0,278.0,142.0,0.0,53.0,0.597793545,0.597793545,3,369,0,0,4,1
390,25,14,25,845.0,2256.0,69.12,34.56,6.912000000000001,286.0,459.0,30.0,85.0,76.0,57.0,0.0,38.0,0.716001308,0.716001308,2,0,0,0,4,1
391,25,14,25,731.0,1977.0,67.84,33.92,6.784000000000001,444.0,292.0,33.0,49.0,316.0,33.0,0.0,13.0,0.628189826,0.628189826,2,621,0,0,4,1
392,25,14,25,1210.0,3106.0,119.68,59.84,11.968000000000002,586.0,529.0,74.0,205.0,206.0,79.0,0.0,22.0,0.520114157,0.520114157,2,0,0,0,4,1
393,25,14,25,1027.0,2614.0,106.88,53.440000000000005,10.688000000000002,1201.0,374.0,232.0,379.0,235.0,311.0,0.0,44.0,0.520114157,0.520114157,2,269,0,0,4,1
394,25,14,25,1055.0,2496.0,280.96,140.48,28.096,1084.0,388.0,353.0,260.0,197.0,186.0,0.0,88.0,0.520114157,0.520114157,4,154,0,0,2,1
395,25,14,25,1039.0,2278.0,209.28,104.64,20.928,2194.0,271.0,45.0,170.0,1909.0,62.0,0.0,8.0,0.520114157,0.520114157,4,1477,0,0,2,1
396,25,12,25,0.0,0.0,217.6,108.8,21.760000000000005,0.0,0.0,0.0,0.0,0.0,0.0,0.0,0.0,6.035034002,6.035034002,5,0,0,0,1,1
448,25,12,25,1208.0,2614.0,228.48,114.24,22.848,510.0,340.0,80.0,102.0,55.0,270.0,0.0,3.0,0.0,0.0,4,0,0,0,2,1
449,25,12,25,980.0,2156.0,86.4,43.2,8.64,408.0,260.0,40.0,124.0,111.0,97.0,0.0,36.0,0.0,0.0,3,0,0,0,4,1
450,25,12,25,1535.0,3629.0,309.12,154.56,30.912000000000003,1597.0,584.0,468.0,271.0,355.0,397.0,0.0,106.0,0.0,0.0,3,1503,0,0,4,1
451,25,12,25,1036.0,2659.0,403.2,201.6,40.32,371.0,382.0,93.0,63.0,115.0,71.0,0.0,29.0,0.0,0.0,4,0,0,0,2,1
452,25,12,25,1048.0,2648.0,152.95999999999998,76.47999999999999,15.296,498.0,470.0,122.0,78.0,100.0,142.0,0.0,56.0,0.0,0.0,2,0,0,0,4,1
453,25,12,25,767.0,1640.0,78.72,39.36,7.872,468.0,171.0,71.0,65.0,132.0,92.0,0.0,108.0,0.0,0.0,4,438,0,0,2,1
454,25,12,25,1624.0,3553.0,197.76,98.88,19.776,445.0,448.0,83.0,127.0,92.0,88.0,0.0,55.0,0.0,0.0,4,0,0,0,2,1
455,25,12,25,74.0,236.0,60.8,30.4,6.08,526.0,49.0,69.0,48.0,283.0,7.0,0.0,119.0,0.0,0.0,4,0,0,0,2,1
456,25,12,25,327.0,757.0,46.72,23.36,4.672,602.0,108.0,61.0,66.0,39.0,27.0,0.0,409.0,0.0,0.0,3,0,0,0,4,1
457,25,12,25,758.0,2507.0,40.32,20.16,4.032,211.0,564.0,17.0,59.0,99.0,29.0,0.0,7.0,0.0,0.0,3,0,0,0,4,1
458,25,12,25,361.0,1026.0,21.76,10.88,2.176,642.0,222.0,56.0,60.0,299.0,219.0,0.0,8.0,0.0,0.0,3,623,0,0,4,1
459,25,12,25,643.0,1990.0,23.68,11.84,2.368,869.0,462.0,116.0,114.0,543.0,38.0,0.0,58.0,0.0,0.0,3,201,0,0,4,1
460,25,12,25,627.0,2092.0,37.76,18.88,3.776,219.0,465.0,6.0,55.0,80.0,20.0,0.0,58.0,0.0,0.0,3,0,0,0,4,1
461,25,12,25,927.0,2823.0,39.68,19.84,3.968,313.0,561.0,29.0,139.0,99.0,39.0,0.0,7.0,0.0,0.0,3,0,0,0,4,1
462,25,12,25,1030.0,2129.0,103.04,51.52,10.304000000000002,886.0,233.0,23.0,199.0,385.0,74.0,0.0,205.0,0.0,0.0,3,31,0,0,4,1
463,25,12,25,770.0,2122.0,41.6,20.8,4.16,1638.0,465.0,292.0,202.0,557.0,524.0,0.0,63.0,0.0,0.0,3,0,0,0,4,1
464,25,12,25,115.0,363.0,65.28,32.64,6.5280000000000005,3359.0,85.0,188.0,296.0,540.0,2071.0,0.0,264.0,0.0,0.0,5,1088,0,0,1,1
465,25,12,25,0.0,0.0,71.68,35.84,7.168000000000001,1725.0,0.0,170.0,791.0,53.0,116.0,0.0,595.0,0.0,0.0,5,0,0,0,1,1
466,25,12,25,0.0,0.0,44.16,22.08,4.416,560.0,0.0,318.0,121.0,81.0,32.0,0.0,8.0,0.0,0.0,5,0,0,0,1,1
467,25,12,25,159.0,378.0,140.16,70.08,14.016,1945.0,45.0,11.0,127.0,26.0,1026.0,0.0,755.0,0.0,0.0,4,0,0,0,2,1
468,25,12,25,471.0,1349.0,71.04,35.52,7.104000000000001,137.0,315.0,18.0,41.0,30.0,23.0,0.0,25.0,0.0,0.0,3,2073,0,0,4,1
469,25,12,25,700.0,1778.0,42.88,21.44,4.288,599.0,257.0,134.0,156.0,183.0,102.0,0.0,24.0,0.0,0.0,3,0,0,0,4,1
470,25,12,25,431.0,1248.0,35.2,17.6,3.5200000000000005,403.0,267.0,34.0,76.0,57.0,117.0,0.0,119.0,0.0,0.0,3,0,0,0,4,1
471,25,12,25,949.0,2635.0,44.8,22.4,4.48,463.0,579.0,32.0,105.0,223.0,60.0,0.0,43.0,0.0,0.0,3,645,0,0,4,1
472,25,12,25,751.0,2193.0,44.8,22.4,4.48,200.0,436.0,7.0,64.0,84.0,35.0,0.0,10.0,0.0,0.0,3,0,0,0,4,1
473,25,12,25,6.0,21.0,69.76,34.88,6.976000000000001,1100.0,5.0,210.0,304.0,296.0,118.0,0.0,172.0,0.0,0.0,5,1410,0,0,1,1
474,25,12,25,1022.0,2892.0,62.72,31.36,6.272,581.0,558.0,35.0,74.0,112.0,197.0,0.0,163.0,0.0,0.0,3,0,0,0,4,1
475,25,12,25,1090.0,2542.0,120.32,60.16,12.032,937.0,344.0,302.0,124.0,469.0,31.0,0.0,11.0,0.0,0.0,3,0,0,0,4,1
476,25,12,25,843.0,2223.0,76.16,38.08,7.616,410.0,400.0,64.0,221.0,72.0,42.0,0.0,11.0,0.0,0.0,3,0,0,0,4,1
477,25,12,25,965.0,2758.0,112.0,56.0,11.2,560.0,551.0,58.0,171.0,236.0,69.0,0.0,26.0,0.0,0.0,3,0,0,0,4,1
478,25,12,25,1603.0,4142.0,175.36,87.68,17.536,491.0,741.0,48.0,138.0,207.0,65.0,0.0,33.0,0.0,0.0,2,381,0,0,4,1
479,25,12,25,1000.0,2436.0,115.2,57.6,11.52,405.0,378.0,71.0,120.0,154.0,32.0,0.0,28.0,0.0,0.0,2,0,0,0,4,1
480,25,12,25,691.0,1711.0,124.16,62.08,12.416,517.0,252.0,141.0,137.0,177.0,53.0,0.0,9.0,0.0,0.0,3,1236,0,0,4,1
481,25,12,25,301.0,752.0,199.04,99.52,19.904,874.0,117.0,222.0,155.0,108.0,65.0,0.0,324.0,0.0,0.0,4,0,0,0,2,1
482,25,12,25,718.0,2062.0,75.52,37.76,7.552,267.0,381.0,8.0,60.0,89.0,94.0,0.0,16.0,0.0,0.0,2,0,0,0,4,1
483,25,12,25,1523.0,4151.0,66.56,33.28,6.656000000000001,533.0,729.0,62.0,152.0,222.0,63.0,0.0,34.0,0.0,0.0,2,0,0,0,4,1
484,25,12,25,496.0,1146.0,85.76,42.88,8.576,341.0,102.0,8.0,53.0,206.0,66.0,0.0,8.0,0.0,0.0,3,0,0,0,4,1
485,25,12,25,108.0,314.0,74.24000000000001,37.120000000000005,7.424000000000001,231.0,54.0,24.0,48.0,35.0,96.0,0.0,28.0,0.0,0.0,4,0,0,0,2,1
486,25,12,25,205.0,544.0,76.8,38.4,7.68,562.0,98.0,13.0,70.0,63.0,57.0,0.0,359.0,0.0,0.0,4,0,0,0,2,1
487,25,12,25,760.0,2009.0,114.56,57.28,11.456,445.0,330.0,43.0,130.0,178.0,77.0,0.0,17.0,0.0,0.0,3,2582,0,0,4,1
488,25,12,25,1128.0,2966.0,147.84,73.92,14.784,895.0,532.0,110.0,307.0,159.0,225.0,0.0,94.0,0.0,0.0,3,193,0,0,4,1
489,25,12,25,844.0,2367.0,88.96000000000001,44.48,8.896,669.0,457.0,160.0,159.0,140.0,155.0,0.0,55.0,0.0,0.0,3,722,0,0,4,1
490,25,12,25,1446.0,3572.0,193.28,96.64,19.328000000000003,425.0,476.0,57.0,114.0,171.0,54.0,0.0,29.0,0.0,0.0,3,0,0,0,4,1
491,25,12,25,1599.0,4291.0,190.72,95.36,19.072,631.0,775.0,38.0,183.0,280.0,71.0,0.0,59.0,0.0,0.0,3,0,0,0,4,1
492,25,12,25,831.0,2011.0,104.32,52.16,10.432000000000002,303.0,334.0,20.0,78.0,149.0,42.0,0.0,14.0,0.0,0.0,3,568,0,0,4,1
493,25,12,25,937.0,2421.0,160.64,80.32,16.064,361.0,365.0,30.0,102.0,160.0,54.0,0.0,15.0,0.0,0.0,3,1379,0,0,4,1
494,25,12,25,834.0,1918.0,286.72,143.36,28.672000000000004,311.0,225.0,20.0,105.0,102.0,40.0,0.0,44.0,0.0,0.0,5,0,0,0,1,1
495,25,12,25,1593.0,3351.0,375.68,187.84,37.568,832.0,394.0,149.0,174.0,114.0,188.0,0.0,207.0,0.0,0.0,4,0,0,0,2,1
496,25,12,25,1389.0,3501.0,252.16000000000005,126.08,25.216000000000005,793.0,597.0,88.0,229.0,258.0,161.0,0.0,57.0,0.0,0.0,3,478,0,0,4,1
497,25,12,25,926.0,2337.0,163.2,81.6,16.32,591.0,414.0,107.0,204.0,130.0,84.0,0.0,66.0,0.0,0.0,3,0,0,0,4,1
498,25,12,25,1127.0,2905.0,158.72,79.36,15.872,514.0,446.0,106.0,174.0,140.0,57.0,0.0,37.0,0.0,0.0,3,0,0,0,4,1
499,25,12,25,469.0,1224.0,161.28,80.64,16.128,559.0,215.0,200.0,118.0,83.0,125.0,0.0,33.0,0.0,0.0,5,0,0,0,1,1
500,25,12,25,903.0,2152.0,346.88,173.44,34.688,1826.0,234.0,824.0,341.0,230.0,260.0,0.0,171.0,0.0,0.0,4,0,0,0,2,1
501,25,12,25,1089.0,2510.0,300.79999999999995,150.39999999999998,30.08,328.0,229.0,18.0,111.0,124.0,54.0,0.0,21.0,0.0,0.0,4,0,0,0,2,1
502,17,11,25,552.0,1419.0,474.88,237.44,47.488,3521.0,185.0,573.0,835.0,551.0,548.0,0.0,1014.0,0.0,0.0,4,0,0,0,2,1
503,17,11,25,337.0,916.0,275.2,137.6,27.52,3055.0,154.0,1275.0,124.0,70.0,691.0,0.0,895.0,0.0,0.0,4,0,0,0,2,1
504,17,11,25,178.0,522.0,111.36,55.67999999999999,11.136,2119.0,72.0,463.0,346.0,87.0,788.0,0.0,435.0,0.0,0.0,4,0,0,0,2,1
505,17,11,25,674.0,1719.0,76.16,38.08,7.616,937.0,278.0,255.0,275.0,258.0,75.0,0.0,74.0,0.0,0.0,3,635,0,0,4,1
506,17,11,25,1552.0,4038.0,96.0,48.0,9.6,259.0,616.0,17.0,57.0,100.0,79.0,0.0,6.0,0.0,0.0,3,0,0,0,4,1
507,17,11,25,1176.0,2923.0,69.76,34.88,6.976000000000001,581.0,518.0,95.0,187.0,164.0,85.0,0.0,50.0,0.0,0.0,3,789,0,0,4,1
508,17,11,25,1657.0,4073.0,120.96,60.48,12.096000000000002,797.0,515.0,80.0,117.0,278.0,101.0,0.0,221.0,0.0,0.0,3,790,0,0,4,1
509,17,11,25,1005.0,2538.0,74.88000000000001,37.440000000000005,7.488000000000001,2192.0,407.0,424.0,594.0,567.0,519.0,0.0,88.0,0.0,0.0,3,234,0,0,4,1
510,17,11,25,723.0,1852.0,46.72,23.36,4.672,348.0,270.0,50.0,115.0,100.0,45.0,0.0,38.0,0.0,0.0,3,0,0,0,4,1
511,17,11,25,1067.0,2675.0,77.44,38.72,7.744,136.0,380.0,11.0,29.0,66.0,18.0,0.0,12.0,0.0,0.0,3,0,0,0,4,1
512,17,11,25,787.0,2113.0,79.36,39.68,7.936,303.0,382.0,6.0,48.0,212.0,31.0,0.0,6.0,0.0,0.0,3,870,0,0,4,1
513,17,11,25,997.0,2640.0,65.28,32.64,6.5280000000000005,595.0,494.0,47.0,103.0,200.0,230.0,0.0,15.0,0.0,0.0,3,936,0,0,4,1
514,17,11,25,947.0,2430.0,49.28,24.64,4.928000000000001,446.0,379.0,110.0,176.0,95.0,46.0,0.0,19.0,0.0,0.0,3,0,0,0,4,1
515,17,11,25,1474.0,3826.0,98.56,49.28,9.856000000000002,245.0,594.0,32.0,68.0,53.0,60.0,0.0,32.0,0.0,0.0,3,0,0,0,4,1
516,17,11,25,1252.0,3256.0,160.64,80.32,16.064,1019.0,562.0,50.0,282.0,610.0,65.0,0.0,12.0,0.0,0.0,3,361,0,0,4,1
517,17,11,25,453.0,1255.0,51.84,25.92,5.184000000000001,225.0,269.0,91.0,64.0,38.0,29.0,0.0,3.0,0.0,0.0,3,1975,0,0,4,1
518,17,11,25,924.0,2454.0,76.8,38.4,7.68,172.0,459.0,36.0,49.0,40.0,35.0,0.0,12.0,0.0,0.0,3,958,0,0,4,1
519,17,11,25,1088.0,2574.0,195.2,97.6,19.52,594.0,383.0,41.0,413.0,84.0,43.0,0.0,13.0,0.0,0.0,3,0,0,0,4,1
520,17,11,25,423.0,1059.0,239.36,119.68,23.936000000000003,262.0,171.0,49.0,42.0,25.0,95.0,0.0,51.0,0.0,0.0,5,0,0,0,1,1
521,17,11,25,748.0,1820.0,160.64,80.32,16.064,1163.0,326.0,291.0,307.0,144.0,161.0,0.0,260.0,0.0,0.0,4,565,0,0,2,1
522,17,11,25,811.0,1980.0,84.48,42.24,8.448,184.0,346.0,19.0,58.0,69.0,29.0,0.0,9.0,0.0,0.0,3,0,0,0,4,1
523,17,11,25,701.0,1965.0,67.2,33.6,6.720000000000001,164.0,366.0,31.0,41.0,41.0,32.0,0.0,19.0,0.0,0.0,3,0,0,0,4,1
524,17,11,25,1106.0,3088.0,105.6,52.8,10.560000000000002,974.0,514.0,97.0,158.0,211.0,94.0,0.0,414.0,0.0,0.0,2,916,0,0,4,1
525,17,11,25,1450.0,3612.0,124.16,62.08,12.416,373.0,555.0,58.0,126.0,85.0,92.0,0.0,12.0,0.0,0.0,2,0,0,0,4,1
526,17,11,25,1231.0,2968.0,103.68,51.84,10.368000000000002,811.0,397.0,23.0,122.0,417.0,60.0,0.0,189.0,0.0,0.0,2,0,0,0,4,1
527,17,11,25,53.0,141.0,56.96,28.48,5.696,939.0,19.0,285.0,223.0,118.0,122.0,0.0,191.0,0.0,0.0,4,0,0,0,2,1
528,17,11,25,0.0,0.0,85.76,42.88,8.576,1449.0,0.0,561.0,108.0,77.0,97.0,0.0,606.0,0.0,0.0,4,0,0,0,2,1
529,17,11,25,996.0,2545.0,168.32,84.16,16.832,196.0,372.0,17.0,66.0,65.0,24.0,0.0,24.0,0.0,0.0,3,0,0,0,4,1
530,17,11,25,525.0,1242.0,102.4,51.2,10.240000000000002,379.0,124.0,163.0,56.0,28.0,54.0,0.0,78.0,0.0,0.0,3,0,0,0,4,1
531,17,11,25,933.0,2224.0,70.4,35.2,7.040000000000001,97.0,221.0,31.0,16.0,10.0,23.0,0.0,17.0,0.0,0.0,3,0,0,0,4,1
532,17,11,25,406.0,1055.0,57.6,28.8,5.76,278.0,212.0,26.0,26.0,205.0,15.0,0.0,6.0,0.0,0.0,3,853,0,0,4,1
533,17,11,25,1480.0,3758.0,237.44,118.72,23.744,531.0,524.0,55.0,78.0,209.0,63.0,0.0,126.0,0.0,0.0,3,1575,0,0,4,1
534,17,11,25,796.0,2083.0,92.16,46.08,9.216,535.0,349.0,93.0,140.0,99.0,140.0,0.0,63.0,0.0,0.0,3,1169,0,0,4,1
535,17,11,25,1175.0,2757.0,115.84,57.92,11.584,201.0,419.0,40.0,101.0,35.0,20.0,0.0,5.0,0.0,0.0,3,0,0,0,4,1
536,17,11,25,1270.0,3186.0,252.8,126.4,25.28,253.0,436.0,9.0,45.0,118.0,57.0,0.0,24.0,0.0,0.0,3,559,0,0,4,1
537,17,11,25,374.0,995.0,46.08,23.04,4.608,607.0,128.0,20.0,172.0,315.0,89.0,0.0,11.0,0.0,0.0,2,2133,0,0,4,1
538,17,11,25,1277.0,3232.0,113.92,56.96,11.392,1602.0,448.0,22.0,1468.0,69.0,35.0,0.0,8.0,0.0,0.0,2,0,0,0,4,1
539,17,11,25,789.0,1934.0,50.56,25.28,5.056000000000001,943.0,247.0,31.0,98.0,487.0,202.0,0.0,125.0,0.0,0.0,2,0,0,0,4,1
540,17,11,25,866.0,2121.0,27.52,13.759999999999998,2.752,1276.0,237.0,179.0,287.0,509.0,250.0,0.0,51.0,0.0,0.0,2,0,133,14,4,1
541,17,11,25,513.0,1131.0,20.48,10.24,2.048,801.0,75.0,40.0,145.0,196.0,413.0,0.0,7.0,0.0,0.0,2,0,0,0,4,1
542,17,11,25,966.0,2299.0,82.56,41.28,8.256,423.0,354.0,58.0,85.0,124.0,89.0,0.0,67.0,0.0,0.0,2,0,0,0,4,1
543,17,11,25,1039.0,2688.0,122.24,61.120000000000005,12.224000000000002,819.0,424.0,90.0,98.0,281.0,238.0,0.0,112.0,0.0,0.0,2,0,0,0,4,1
544,17,11,25,755.0,1864.0,71.68,35.84,7.168000000000001,415.0,300.0,36.0,106.0,170.0,94.0,0.0,9.0,0.0,0.0,2,0,0,0,4,1
545,17,11,25,940.0,2428.0,80.0,40.0,8.0,335.0,364.0,16.0,91.0,80.0,38.0,0.0,110.0,0.0,0.0,2,0,0,0,4,1
546,17,11,25,1317.0,3099.0,69.76,34.88,6.976000000000001,404.0,437.0,56.0,183.0,58.0,80.0,0.0,27.0,0.0,0.0,2,0,0,0,4,1
547,17,11,25,894.0,2280.0,98.56,49.28,9.856000000000002,468.0,336.0,7.0,54.0,188.0,196.0,0.0,23.0,0.0,0.0,2,903,71,7,4,1
548,17,11,25,590.0,1276.0,97.92,48.96,9.792000000000002,161.0,139.0,10.0,35.0,77.0,37.0,0.0,2.0,0.0,0.0,3,0,0,0,4,1
549,17,11,25,960.0,2463.0,239.36,119.68,23.936000000000003,276.0,315.0,20.0,63.0,79.0,62.0,0.0,52.0,0.0,0.0,4,0,0,0,2,1
550,17,11,25,1488.0,3865.0,99.84,49.92,9.984000000000002,570.0,532.0,60.0,177.0,140.0,166.0,0.0,27.0,0.0,0.0,3,0,0,0,4,1
551,17,11,25,207.0,566.0,108.8,54.400000000000006,10.880000000000004,1357.0,76.0,434.0,405.0,268.0,126.0,0.0,124.0,0.0,0.0,4,393,0,0,2,1
552,17,11,25,908.0,2217.0,163.2,81.6,16.32,727.0,228.0,246.0,152.0,91.0,94.0,0.0,144.0,0.0,0.0,3,0,0,0,4,1
553,17,11,25,1236.0,3205.0,133.12,66.56,13.312,564.0,409.0,80.0,122.0,226.0,92.0,0.0,44.0,0.0,0.0,3,14,0,0,4,1
554,17,11,25,585.0,1459.0,106.88,53.440000000000005,10.688000000000002,1164.0,169.0,185.0,100.0,296.0,460.0,0.0,123.0,0.0,0.0,3,0,0,0,4,1
555,17,11,25,268.0,692.0,82.56,41.28,8.256,457.0,76.0,40.0,135.0,143.0,77.0,0.0,62.0,0.0,0.0,4,0,3651,405,2,1
556,17,11,25,959.0,2477.0,128.0,64.0,12.8,323.0,318.0,22.0,85.0,160.0,41.0,0.0,15.0,0.0,0.0,3,0,0,0,4,1
557,17,11,25,802.0,1953.0,69.76,34.88,6.976000000000001,769.0,213.0,137.0,255.0,231.0,81.0,0.0,65.0,0.0,0.0,3,0,259,28,4,1
558,17,11,25,750.0,1677.0,71.68,35.84,7.168000000000001,278.0,204.0,125.0,53.0,63.0,20.0,0.0,17.0,0.0,0.0,3,0,0,0,4,1
559,17,11,25,691.0,1441.0,78.08,39.04,7.808,1585.0,69.0,559.0,122.0,641.0,199.0,0.0,64.0,0.0,0.0,2,0,0,0,4,1
560,17,11,25,258.0,607.0,73.60000000000001,36.8,7.360000000000001,852.0,24.0,198.0,371.0,154.0,122.0,0.0,7.0,0.0,0.0,4,0,0,0,2,1
561,17,11,25,830.0,1900.0,83.84,41.92,8.384,420.0,155.0,164.0,81.0,38.0,91.0,0.0,46.0,0.0,0.0,2,0,0,0,4,1
562,17,11,25,741.0,1812.0,87.04,43.52,8.704,396.0,287.0,127.0,101.0,105.0,47.0,0.0,16.0,0.0,0.0,2,0,0,0,4,1
563,17,11,25,16.0,39.0,44.16,22.08,4.416,682.0,2.0,620.0,7.0,15.0,15.0,0.0,25.0,0.0,0.0,4,0,0,0,2,1
564,17,11,25,181.0,519.0,61.44,30.72,6.144,699.0,73.0,31.0,122.0,2.0,48.0,0.0,496.0,0.0,0.0,4,0,0,0,2,1
565,17,11,25,332.0,700.0,184.32,92.16,18.432,2945.0,61.0,464.0,168.0,405.0,1594.0,0.0,314.0,0.0,0.0,4,903,0,0,2,1
566,17,11,25,1384.0,3308.0,174.08,87.04,17.408,526.0,442.0,47.0,87.0,159.0,61.0,0.0,172.0,0.0,0.0,3,472,0,0,4,1
567,17,11,25,1192.0,2761.0,128.64,64.32000000000001,12.864000000000004,574.0,389.0,189.0,131.0,70.0,127.0,0.0,57.0,0.0,0.0,3,0,0,0,4,1
568,17,11,25,1051.0,2717.0,115.2,57.6,11.52,418.0,436.0,65.0,104.0,153.0,73.0,0.0,23.0,0.0,0.0,3,0,0,0,4,1
569,17,11,25,1166.0,2841.0,118.4,59.2,11.840000000000002,704.0,425.0,123.0,210.0,186.0,108.0,0.0,77.0,0.0,0.0,3,549,0,0,4,1
570,17,11,25,1174.0,3004.0,261.76,130.88,26.176,760.0,414.0,50.0,181.0,387.0,116.0,0.0,26.0,0.0,0.0,4,0,0,0,2,1
571,17,11,25,1296.0,3258.0,554.88,277.44,55.488,445.0,497.0,47.0,181.0,99.0,86.0,0.0,32.0,0.0,0.0,4,0,0,0,2,1
572,17,11,25,1133.0,2095.0,104.32,52.16,10.432000000000002,1725.0,158.0,677.0,361.0,310.0,206.0,0.0,171.0,0.0,0.0,3,0,0,0,4,1
573,17,11,25,800.0,1814.0,186.88,93.44,18.688,1038.0,211.0,141.0,496.0,302.0,70.0,0.0,29.0,0.0,0.0,4,0,0,0,2,1
574,17,11,25,934.0,2346.0,1137.28,568.64,113.728,1060.0,276.0,26.0,124.0,841.0,51.0,0.0,18.0,0.0,0.0,5,0,253,28,1,1
575,17,11,25,1172.0,2851.0,220.16,110.07999999999998,22.016,1026.0,413.0,46.0,257.0,423.0,187.0,0.0,113.0,0.0,0.0,3,488,0,0,4,1
576,17,11,25,930.0,2317.0,430.08,215.04,43.00800000000001,679.0,313.0,103.0,313.0,127.0,107.0,0.0,29.0,0.0,0.0,5,1278,0,0,1,1
577,17,11,25,1010.0,2383.0,139.52,69.76,13.952000000000002,393.0,294.0,99.0,113.0,112.0,56.0,0.0,13.0,0.0,0.0,3,253,0,0,4,1
578,17,11,25,597.0,1539.0,261.12,130.56,26.112,343.0,243.0,50.0,145.0,86.0,37.0,0.0,25.0,0.0,0.0,4,0,0,0,2,1
579,17,13,25,17.0,36.0,109.44,54.720000000000006,10.944000000000004,2867.0,0.0,143.0,2084.0,131.0,262.0,0.0,247.0,3.103207912,3.103207912,4,0,0,0,2,1
580,17,13,25,237.0,420.0,70.4,35.2,7.040000000000001,1138.0,44.0,123.0,77.0,44.0,577.0,0.0,317.0,1.194663944,1.194663944,4,0,0,0,2,1
581,17,13,25,126.0,279.0,42.88,21.44,4.288,521.0,39.0,150.0,93.0,28.0,87.0,0.0,163.0,2.95570116,2.95570116,4,0,0,0,2,1
582,17,13,25,542.0,1356.0,64.64,32.32,6.464,1737.0,99.0,472.0,439.0,283.0,162.0,0.0,381.0,3.91523241,3.91523241,2,0,0,0,4,1
583,17,13,25,436.0,1134.0,47.36,23.68,4.736,641.0,138.0,297.0,128.0,103.0,81.0,0.0,32.0,2.591193466,2.591193466,3,0,0,0,4,1
584,17,13,25,1335.0,3148.0,62.72,31.36,6.272,762.0,221.0,228.0,162.0,282.0,52.0,0.0,38.0,0.94875,0.94875,3,0,0,0,4,1
585,17,13,25,917.0,2254.0,54.400000000000006,27.200000000000003,5.440000000000001,400.0,156.0,166.0,99.0,97.0,14.0,0.0,24.0,1.8328125,1.8328125,3,598,0,0,4,1
586,17,13,25,981.0,2402.0,53.120000000000005,26.56,5.312000000000001,609.0,210.0,160.0,227.0,151.0,40.0,0.0,31.0,1.69045438,1.69045438,2,0,0,0,4,1
587,17,13,25,754.0,1989.0,49.28,24.64,4.928000000000001,298.0,251.0,21.0,66.0,75.0,93.0,0.0,43.0,0.992798366,0.992798366,2,94,0,0,4,1
588,17,13,25,695.0,1854.0,41.6,20.8,4.16,230.0,305.0,6.0,93.0,75.0,47.0,0.0,9.0,0.992798366,0.992798366,2,0,0,0,4,1
589,17,13,25,1103.0,2543.0,46.72,23.36,4.672,718.0,260.0,162.0,222.0,233.0,76.0,0.0,25.0,0.992798366,0.992798366,2,0,0,0,4,1
590,17,13,25,586.0,1522.0,35.84,17.92,3.5840000000000005,361.0,182.0,24.0,89.0,148.0,68.0,0.0,32.0,1.035923366,1.035923366,2,779,0,0,4,1
591,17,13,25,567.0,1407.0,69.76,34.88,6.976000000000001,779.0,166.0,370.0,149.0,103.0,66.0,0.0,91.0,1.035923366,1.035923366,2,0,0,0,4,1
592,17,13,25,44.0,110.0,13.44,6.720000000000001,1.3440000000000003,372.0,5.0,17.0,130.0,133.0,84.0,0.0,8.0,1.035923366,1.035923366,4,0,331,36,2,1
593,17,13,25,73.0,184.0,17.28,8.64,1.7280000000000002,361.0,4.0,221.0,10.0,2.0,7.0,0.0,121.0,1.035923366,1.035923366,4,0,0,0,2,1
594,17,13,25,1034.0,2880.0,87.04,43.52,8.704,14496.0,401.0,1998.0,8486.0,1009.0,2634.0,0.0,369.0,1.035923366,1.035923366,2,0,0,0,4,1
595,17,13,25,106.0,223.0,41.6,20.8,4.16,987.0,11.0,409.0,221.0,199.0,152.0,0.0,6.0,1.24869734,1.24869734,4,0,0,0,2,1
596,17,13,25,523.0,1336.0,51.84,25.92,5.184000000000001,166.0,144.0,9.0,63.0,71.0,18.0,0.0,5.0,1.127577993,1.127577993,2,0,0,0,4,1
597,17,13,25,738.0,1953.0,51.2,25.6,5.120000000000001,374.0,343.0,42.0,67.0,170.0,92.0,0.0,3.0,0.803540853,0.803540853,3,433,0,0,4,1
598,17,13,25,805.0,2047.0,51.84,25.92,5.184000000000001,328.0,246.0,43.0,83.0,102.0,61.0,0.0,39.0,0.803540853,0.803540853,3,0,0,0,4,1
599,17,13,25,935.0,2384.0,70.4,35.2,7.040000000000001,362.0,271.0,29.0,99.0,164.0,55.0,0.0,15.0,0.91480402,0.91480402,2,0,0,0,4,1
600,17,13,25,1387.0,3460.0,78.72,39.36,7.872,930.0,366.0,79.0,195.0,235.0,350.0,0.0,71.0,0.91480402,0.91480402,3,0,0,0,4,1
601,17,13,25,929.0,2251.0,62.08,31.04,6.208,453.0,240.0,24.0,159.0,176.0,71.0,0.0,23.0,0.51529813,0.51529813,3,421,0,0,4,1
602,17,13,25,1000.0,2444.0,63.36,31.68,6.336,711.0,223.0,51.0,139.0,110.0,80.0,0.0,331.0,0.717940009,0.717940009,3,0,0,0,4,1
603,17,13,25,401.0,969.0,42.24,21.12,4.224,232.0,99.0,46.0,80.0,67.0,25.0,0.0,14.0,0.717940009,0.717940009,3,0,0,0,4,1
604,17,13,25,67.0,210.0,8.96,4.48,0.8960000000000001,175.0,43.0,14.0,19.0,126.0,5.0,0.0,11.0,1.988366832,1.988366832,3,0,0,0,4,1
605,17,13,25,1111.0,2666.0,61.44,30.72,6.144,790.0,251.0,129.0,178.0,146.0,153.0,0.0,184.0,1.556193466,1.556193466,3,0,0,0,4,1
606,17,13,25,1078.0,2477.0,65.92,32.96,6.5920000000000005,764.0,190.0,40.0,137.0,412.0,159.0,0.0,16.0,0.87167902,0.87167902,3,1243,0,0,4,1
607,17,13,25,1563.0,3697.0,83.2,41.6,8.32,797.0,320.0,190.0,168.0,211.0,131.0,0.0,97.0,1.38,1.38,2,171,0,0,4,1
608,17,13,25,350.0,904.0,33.92,16.96,3.3920000000000003,1141.0,96.0,506.0,225.0,250.0,90.0,0.0,70.0,2.043404522,2.043404522,3,0,0,0,4,1
609,17,13,25,104.0,257.0,28.16,14.079999999999998,2.816,435.0,22.0,111.0,37.0,234.0,29.0,0.0,24.0,1.56107938,1.56107938,4,0,0,0,2,1
610,17,13,25,1051.0,2490.0,54.400000000000006,27.200000000000003,5.440000000000001,484.0,277.0,53.0,128.0,227.0,47.0,0.0,29.0,0.54764188,0.54764188,3,0,0,0,4,1
611,17,13,25,984.0,2267.0,61.44,30.72,6.144,1330.0,200.0,66.0,103.0,535.0,524.0,0.0,102.0,1.763721259,1.763721259,2,0,0,0,4,1
612,17,13,25,931.0,2209.0,50.56,25.28,5.056000000000001,210.0,163.0,11.0,80.0,74.0,16.0,0.0,29.0,0.674815009,0.674815009,2,0,0,0,4,1
613,17,13,25,1480.0,3618.0,80.0,40.0,8.0,614.0,314.0,31.0,163.0,194.0,145.0,0.0,81.0,2.356690009,2.356690009,2,0,0,0,4,1
614,17,13,25,1466.0,3539.0,76.16,38.08,7.616,432.0,269.0,34.0,163.0,135.0,46.0,0.0,54.0,2.874190009,2.874190009,2,441,0,0,4,1
615,17,13,25,1622.0,3702.0,97.28,48.64,9.728000000000002,870.0,325.0,254.0,194.0,292.0,89.0,0.0,41.0,2.032799933,2.032799933,2,229,0,0,4,1
616,17,13,25,986.0,2322.0,54.400000000000006,27.200000000000003,5.440000000000001,487.0,155.0,63.0,220.0,128.0,51.0,0.0,25.0,3.660768683,3.660768683,2,0,0,0,4,1
617,17,13,25,753.0,1710.0,47.36,23.68,4.736,1561.0,137.0,570.0,611.0,166.0,187.0,0.0,27.0,3.445143683,3.445143683,2,0,0,0,4,1
618,17,13,25,900.0,2144.0,51.2,25.6,5.120000000000001,438.0,178.0,98.0,95.0,158.0,75.0,0.0,12.0,3.445143683,3.445143683,2,0,0,0,4,1
619,17,13,25,789.0,1866.0,55.67999999999999,27.84,5.568,681.0,115.0,204.0,143.0,217.0,86.0,0.0,31.0,3.445143683,3.445143683,2,0,0,0,4,1
620,17,13,25,1183.0,2978.0,68.48,34.24,6.848000000000001,334.0,232.0,39.0,129.0,104.0,37.0,0.0,25.0,1.978893683,1.978893683,2,0,0,0,4,1
621,17,13,25,377.0,873.0,80.64,40.32,8.064,588.0,56.0,54.0,167.0,217.0,145.0,0.0,5.0,0.987018683,0.987018683,4,0,3738,415,2,1
622,17,13,25,1230.0,2650.0,47.36,23.68,4.736,297.0,196.0,6.0,149.0,75.0,44.0,0.0,23.0,3.445143683,3.445143683,3,0,0,0,4,1
623,17,13,25,811.0,1989.0,54.400000000000006,27.200000000000003,5.440000000000001,246.0,165.0,9.0,69.0,111.0,52.0,0.0,5.0,2.410143683,2.410143683,3,352,179,19,4,1
624,17,13,25,1075.0,2513.0,103.04,51.52,10.304000000000002,392.0,231.0,147.0,59.0,135.0,45.0,0.0,6.0,3.445143683,3.445143683,3,0,0,0,4,1
625,17,0,25,1963.0,4403.0,102.4,51.2,10.240000000000002,4388.0,259.0,451.0,2221.0,752.0,807.0,0.0,157.0,4.663963565,4.663963565,2,0,2114,234,4,1
626,17,0,25,166.0,325.0,22.4,11.2,2.24,733.0,20.0,44.0,376.0,31.0,281.0,0.0,1.0,6.704597988,6.704597988,2,0,0,0,4,1
627,17,0,25,152.0,286.0,8.96,4.48,0.8960000000000001,2649.0,13.0,52.0,146.0,61.0,363.0,0.0,2027.0,7.006472988,7.006472988,2,0,0,0,4,1
628,17,0,25,188.0,387.0,58.88,29.44,5.888,1321.0,18.0,636.0,302.0,25.0,27.0,0.0,331.0,6.283413944,6.283413944,2,0,0,0,4,1
629,17,0,25,672.0,1354.0,21.12,10.56,2.112,557.0,151.0,104.0,269.0,138.0,30.0,0.0,16.0,5.75882616,5.75882616,2,0,0,0,4,1
630,17,0,25,405.0,889.0,18.56,9.28,1.8560000000000003,439.0,77.0,106.0,140.0,110.0,55.0,0.0,28.0,5.216785488,5.216785488,2,0,0,0,4,1
631,17,0,25,390.0,823.0,21.76,10.88,2.176,1465.0,63.0,54.0,568.0,94.0,678.0,0.0,71.0,7.30054491,7.30054491,2,0,0,0,4,1
632,17,0,25,890.0,2018.0,28.8,14.4,2.88,729.0,231.0,42.0,323.0,250.0,86.0,0.0,28.0,6.92320116,6.92320116,2,0,0,0,4,1
633,17,0,25,117.0,266.0,28.8,14.4,2.88,1076.0,20.0,87.0,56.0,92.0,341.0,0.0,500.0,9.326288471,9.326288471,4,490,0,0,2,1
634,17,0,25,477.0,1104.0,15.36,7.68,1.536,123.0,102.0,3.0,62.0,45.0,5.0,0.0,8.0,7.30054491,7.30054491,2,0,0,0,4,1
635,17,0,25,251.0,542.0,19.84,9.92,1.984,2394.0,34.0,135.0,480.0,499.0,237.0,0.0,1043.0,8.790204143,8.790204143,2,332,0,0,4,1
636,17,0,25,391.0,874.0,28.8,14.4,2.88,3366.0,50.0,407.0,1312.0,762.0,506.0,0.0,379.0,8.734243087,8.734243087,2,0,0,0,4,1
637,17,0,25,438.0,959.0,28.16,14.079999999999998,2.816,3465.0,42.0,344.0,1616.0,704.0,755.0,0.0,46.0,8.531454143,8.531454143,2,0,0,0,4,1
638,17,0,25,634.0,1377.0,35.2,17.6,3.5200000000000005,2997.0,79.0,175.0,1683.0,613.0,347.0,0.0,179.0,8.759915199,8.759915199,2,0,0,0,4,1
639,17,0,25,10.0,22.0,11.52,5.76,1.152,2352.0,0.0,278.0,1260.0,205.0,509.0,0.0,100.0,8.759915199,8.759915199,4,0,0,0,2,1
640,17,0,25,88.0,275.0,17.28,8.64,1.7280000000000002,2958.0,9.0,692.0,1296.0,358.0,460.0,0.0,152.0,9.750885047,9.750885047,2,0,0,0,4,1
641,17,0,25,1.0,4.0,58.88,29.44,5.888,1910.0,0.0,80.0,576.0,1169.0,85.0,0.0,0.0,8.933338565,8.933338565,4,0,1440,160,2,1
642,17,0,25,290.0,605.0,50.56,25.28,5.056000000000001,533.0,21.0,178.0,190.0,133.0,18.0,0.0,14.0,9.880260047,9.880260047,2,0,560,62,4,1
643,17,0,25,23.0,61.0,102.4,51.2,10.240000000000002,3133.0,7.0,37.0,2213.0,328.0,523.0,0.0,32.0,9.350847358,9.350847358,4,0,1197,133,2,1
644,17,13,25,289.0,665.0,142.72,71.36,14.272,546.0,53.0,53.0,84.0,213.0,155.0,0.0,41.0,6.612844219,6.612844219,4,0,3687,409,2,1
645,17,13,25,22.0,50.0,30.08,15.04,3.008,447.0,2.0,291.0,147.0,6.0,1.0,0.0,2.0,6.734835712,6.734835712,4,0,0,0,2,1
646,17,13,25,906.0,1970.0,32.64,16.32,3.264,896.0,216.0,174.0,257.0,179.0,119.0,0.0,167.0,4.154474716,4.154474716,3,0,0,0,4,1
647,17,13,25,617.0,1447.0,27.52,13.759999999999998,2.752,1386.0,159.0,58.0,118.0,82.0,1116.0,0.0,12.0,3.5578125,3.5578125,2,0,0,0,4,1
648,17,13,25,541.0,1265.0,32.0,16.0,3.2,1024.0,152.0,37.0,268.0,603.0,87.0,0.0,29.0,4.957112121,4.957112121,2,0,0,0,4,1
649,17,13,25,556.0,1395.0,27.52,13.759999999999998,2.752,548.0,172.0,44.0,208.0,160.0,73.0,0.0,63.0,8.235327415,8.235327415,2,0,0,0,4,1
650,17,13,25,413.0,990.0,35.2,17.6,3.5200000000000005,3105.0,144.0,639.0,2053.0,169.0,68.0,0.0,176.0,6.032258949,6.032258949,2,0,0,0,4,1
651,17,13,25,1011.0,2470.0,42.88,21.44,4.288,680.0,244.0,86.0,147.0,347.0,76.0,0.0,24.0,3.373399811,3.373399811,2,528,0,0,4,1
652,17,13,25,4.0,8.0,17.28,8.64,1.7280000000000002,4078.0,0.0,775.0,1460.0,33.0,143.0,0.0,1667.0,9.048972358,9.048972358,4,0,0,0,2,1
653,17,13,25,1244.0,3027.0,52.48,26.24,5.248000000000001,665.0,374.0,95.0,254.0,237.0,68.0,0.0,11.0,5.594337311,5.594337311,2,0,0,0,4,1
654,17,13,25,246.0,693.0,12.16,6.08,1.2160000000000002,1162.0,40.0,441.0,526.0,73.0,97.0,0.0,25.0,4.171212311,4.171212311,2,0,0,0,4,1
655,17,13,25,122.0,288.0,29.44,14.72,2.944,2599.0,10.0,477.0,922.0,519.0,340.0,0.0,341.0,6.954639758,6.954639758,4,0,0,0,2,1
656,17,13,25,568.0,1288.0,16.0,8.0,1.6,295.0,67.0,127.0,68.0,61.0,27.0,0.0,12.0,4.084962311,4.084962311,2,0,0,0,4,1
657,17,13,25,47.0,118.0,13.44,6.720000000000001,1.3440000000000003,1608.0,20.0,182.0,728.0,167.0,201.0,0.0,330.0,5.410150909,5.410150909,4,0,83,9,2,1
658,17,13,25,227.0,447.0,22.4,11.2,2.24,12039.0,13.0,47.0,144.0,11583.0,20.0,0.0,245.0,6.003119659,6.003119659,2,0,896,99,4,1
659,17,13,25,98.0,245.0,33.92,16.96,3.3920000000000003,590.0,24.0,192.0,206.0,41.0,83.0,0.0,68.0,4.730932159,4.730932159,4,0,2502,278,2,1
660,17,13,25,573.0,1295.0,46.72,23.36,4.672,333.0,105.0,20.0,122.0,101.0,71.0,0.0,19.0,5.823236153,5.823236153,2,0,0,0,4,1
661,17,13,25,401.0,941.0,16.64,8.32,1.664,777.0,109.0,333.0,318.0,83.0,32.0,0.0,11.0,0.94875,0.94875,3,0,0,0,4,1
662,17,13,25,776.0,1784.0,42.88,21.44,4.288,596.0,156.0,52.0,133.0,309.0,83.0,0.0,19.0,1.562149811,1.562149811,2,320,0,0,4,1
663,17,13,25,624.0,1438.0,33.92,16.96,3.3920000000000003,795.0,114.0,163.0,229.0,263.0,114.0,0.0,26.0,3.190118561,3.190118561,2,1125,0,0,4,1
664,17,13,25,263.0,473.0,12.8,6.4,1.2800000000000002,2526.0,22.0,334.0,851.0,539.0,767.0,0.0,35.0,3.567462311,3.567462311,2,0,0,0,4,1
665,17,13,25,831.0,1762.0,20.48,10.24,2.048,1053.0,176.0,281.0,340.0,280.0,133.0,0.0,19.0,3.567462311,3.567462311,2,0,0,0,4,1
666,17,13,25,1264.0,2844.0,52.48,26.24,5.248000000000001,580.0,265.0,19.0,168.0,269.0,48.0,0.0,76.0,4.415297737,4.415297737,2,388,0,0,4,1
667,17,13,25,1047.0,2305.0,42.88,21.44,4.288,438.0,241.0,49.0,143.0,129.0,96.0,0.0,21.0,4.717172737,4.717172737,2,0,0,0,4,1
668,17,13,25,424.0,987.0,81.28,40.64,8.128,844.0,118.0,321.0,72.0,183.0,264.0,0.0,4.0,4.249552244,4.249552244,3,252,0,0,4,1
669,17,13,25,509.0,1148.0,40.32,20.16,4.032,1302.0,113.0,367.0,287.0,411.0,112.0,0.0,125.0,3.953493349,3.953493349,3,8,0,0,4,1
670,17,13,25,736.0,1805.0,36.48,18.24,3.648000000000001,400.0,228.0,45.0,141.0,123.0,28.0,0.0,63.0,4.415297737,4.415297737,2,0,0,0,4,1
671,17,13,25,439.0,1038.0,21.76,10.88,2.176,347.0,133.0,23.0,82.0,207.0,28.0,0.0,7.0,3.694085426,3.694085426,2,564,0,0,4,1
672,17,13,25,860.0,1759.0,28.16,14.079999999999998,2.816,259.0,151.0,28.0,98.0,96.0,30.0,0.0,7.0,4.070297737,4.070297737,2,0,0,0,4,1
673,17,13,25,540.0,1025.0,12.8,6.4,1.2800000000000002,667.0,63.0,97.0,347.0,210.0,11.0,0.0,2.0,3.653712311,3.653712311,2,0,0,0,4,1
674,17,13,25,1193.0,2356.0,31.36,15.68,3.136,1159.0,128.0,57.0,455.0,439.0,198.0,0.0,10.0,2.974493561,2.974493561,2,0,0,0,4,1
675,17,13,25,1048.0,2179.0,30.72,15.36,3.072,1090.0,126.0,33.0,135.0,205.0,702.0,0.0,15.0,2.3071875,2.3071875,2,0,0,0,4,1
676,17,13,25,759.0,1635.0,28.8,14.4,2.88,203.0,141.0,23.0,85.0,64.0,29.0,0.0,2.0,1.7896875,1.7896875,2,0,0,0,4,1
677,17,13,25,360.0,766.0,26.880000000000003,13.44,2.6880000000000006,1138.0,91.0,25.0,35.0,1020.0,41.0,0.0,17.0,2.0915625,2.0915625,3,0,0,0,4,1
678,17,13,25,835.0,1747.0,62.08,31.04,6.208,752.0,124.0,81.0,187.0,387.0,87.0,0.0,10.0,3.148125,3.148125,2,0,916,101,4,1
679,17,13,25,160.0,294.0,18.56,9.28,1.8560000000000003,1260.0,41.0,28.0,23.0,1180.0,25.0,0.0,4.0,3.20203125,3.20203125,2,1981,210,23,4,1
680,17,13,25,561.0,1065.0,18.56,9.28,1.8560000000000003,1212.0,57.0,148.0,292.0,325.0,372.0,0.0,75.0,3.320625,3.320625,2,0,1051,116,4,1
681,17,13,25,522.0,1081.0,17.28,8.64,1.7280000000000002,779.0,64.0,145.0,229.0,263.0,125.0,0.0,17.0,3.320625,3.320625,2,0,210,23,4,1
682,17,13,25,595.0,1290.0,18.56,9.28,1.8560000000000003,213.0,106.0,17.0,91.0,87.0,13.0,0.0,5.0,4.168460426,4.168460426,2,0,694,77,4,1
683,17,13,25,946.0,2047.0,38.4,19.2,3.84,900.0,132.0,60.0,421.0,331.0,72.0,0.0,16.0,4.168460426,4.168460426,2,0,694,77,4,1
684,17,13,25,256.0,579.0,31.36,15.68,3.136,468.0,23.0,118.0,62.0,228.0,51.0,0.0,9.0,4.168460426,4.168460426,2,0,1389,154,4,1
685,17,13,25,123.0,258.0,24.32,12.16,2.4320000000000004,7947.0,26.0,1425.0,3721.0,1614.0,1088.0,0.0,99.0,4.114554176,4.114554176,3,0,2371,263,4,1
686,17,13,25,245.0,479.0,14.079999999999998,7.039999999999999,1.408,891.0,29.0,59.0,454.0,326.0,25.0,0.0,27.0,3.888147926,3.888147926,2,0,210,23,4,1
687,17,13,25,140.0,284.0,14.72,7.359999999999999,1.472,1581.0,26.0,236.0,613.0,391.0,283.0,0.0,58.0,4.114554176,4.114554176,2,0,210,23,4,1
688,17,13,25,23.0,53.0,4.48,2.24,0.448,895.0,6.0,500.0,199.0,139.0,48.0,0.0,9.0,4.168460426,4.168460426,3,0,0,0,4,1
689,17,13,25,23.0,62.0,4.48,2.24,0.448,1543.0,9.0,447.0,678.0,150.0,158.0,0.0,110.0,4.168460426,4.168460426,3,0,421,46,4,1
690,17,13,25,261.0,524.0,12.8,6.4,1.2800000000000002,1532.0,42.0,477.0,541.0,388.0,96.0,0.0,30.0,3.320625,3.320625,2,28,1398,155,4,1
691,17,13,25,38.0,83.0,30.72,15.36,3.072,455.0,10.0,5.0,19.0,42.0,384.0,0.0,5.0,3.320625,3.320625,4,0,3459,384,2,1
692,17,13,25,13.0,35.0,5.12,2.56,0.512,944.0,3.0,654.0,104.0,118.0,43.0,0.0,25.0,3.320625,3.320625,4,0,1051,116,2,1
693,17,13,25,55.0,103.0,15.36,7.68,1.536,792.0,9.0,139.0,57.0,509.0,77.0,0.0,10.0,3.148125,3.148125,4,0,1261,140,2,1
694,17,13,25,1325.0,2496.0,44.8,22.4,4.48,798.0,131.0,52.0,226.0,398.0,114.0,0.0,8.0,3.09421875,3.09421875,2,0,492,54,4,1
695,17,13,25,250.0,472.0,14.079999999999998,7.039999999999999,1.408,1036.0,34.0,49.0,120.0,863.0,3.0,0.0,1.0,3.18904813,3.18904813,2,0,1285,142,4,1
696,17,13,25,10.0,27.0,35.84,17.92,3.5840000000000005,1301.0,2.0,37.0,296.0,761.0,195.0,0.0,12.0,3.148125,3.148125,4,0,4824,536,2,1
697,17,13,25,58.0,141.0,35.84,17.92,3.5840000000000005,473.0,8.0,145.0,42.0,245.0,38.0,0.0,3.0,3.09421875,3.09421875,4,0,1134,126,2,1
698,17,13,25,876.0,1970.0,51.2,25.6,5.120000000000001,786.0,211.0,113.0,208.0,417.0,18.0,0.0,30.0,3.18904813,3.18904813,2,305,99,11,4,1
699,17,13,25,435.0,893.0,21.12,10.56,2.112,599.0,84.0,261.0,188.0,102.0,43.0,0.0,5.0,3.512033054,3.512033054,2,0,0,0,4,1
700,17,13,25,27.0,67.0,18.56,9.28,1.8560000000000003,377.0,11.0,1.0,21.0,222.0,133.0,0.0,0.0,3.512033054,3.512033054,4,344,1252,139,2,1
701,17,13,25,358.0,691.0,26.880000000000003,13.44,2.6880000000000006,1403.0,49.0,3.0,36.0,1325.0,37.0,0.0,2.0,3.458126804,3.458126804,2,0,210,23,4,1
702,17,13,25,632.0,1438.0,53.760000000000005,26.880000000000003,5.376000000000001,452.0,168.0,61.0,117.0,105.0,157.0,0.0,12.0,3.660768683,3.660768683,2,0,210,23,4,1
703,17,13,25,1242.0,2473.0,68.48,34.24,6.848000000000001,1099.0,173.0,181.0,516.0,277.0,79.0,0.0,46.0,3.660768683,3.660768683,2,0,1813,201,4,1
704,17,13,25,675.0,1480.0,36.48,18.24,3.648000000000001,305.0,137.0,52.0,93.0,118.0,30.0,0.0,12.0,3.660768683,3.660768683,2,0,0,0,4,1
705,17,13,25,800.0,1738.0,56.31999999999999,28.16,5.632,624.0,139.0,43.0,173.0,318.0,52.0,0.0,38.0,3.660768683,3.660768683,2,93,0,0,4,1
706,17,13,25,909.0,2046.0,103.04,51.52,10.304000000000002,730.0,222.0,94.0,288.0,220.0,109.0,0.0,19.0,3.660768683,3.660768683,2,0,0,0,4,1
707,17,13,25,871.0,2134.0,83.2,41.6,8.32,962.0,305.0,161.0,298.0,299.0,185.0,0.0,19.0,3.458126804,3.458126804,3,514,0,0,4,1
708,17,13,25,541.0,1107.0,64.0,32.0,6.4,741.0,99.0,134.0,112.0,404.0,79.0,0.0,12.0,3.512033054,3.512033054,2,0,860,95,4,1
709,17,13,25,421.0,1037.0,90.88,45.44,9.088,303.0,160.0,96.0,87.0,57.0,49.0,0.0,14.0,3.458126804,3.458126804,4,0,0,0,2,1
710,17,13,25,604.0,1310.0,88.96000000000001,44.48,8.896,375.0,147.0,28.0,178.0,123.0,25.0,0.0,21.0,4.1572266,4.1572266,3,0,0,0,4,1
711,17,13,25,99.0,177.0,20.48,10.24,2.048,347.0,13.0,0.0,40.0,270.0,37.0,0.0,0.0,3.255484924,3.255484924,4,0,0,0,2,1
712,17,13,25,72.0,214.0,167.68,83.84,16.768,728.0,51.0,19.0,154.0,388.0,142.0,0.0,25.0,3.324800639,3.324800639,4,978,0,0,2,1
713,17,13,25,516.0,1191.0,158.07999999999998,79.03999999999999,15.808,445.0,164.0,107.0,142.0,109.0,66.0,0.0,21.0,3.242501804,3.242501804,4,0,0,0,2,1
714,17,13,25,300.0,607.0,29.44,14.72,2.944,598.0,63.0,231.0,240.0,108.0,17.0,0.0,2.0,3.242501804,3.242501804,3,0,0,0,4,1
715,17,13,25,1221.0,2750.0,195.2,97.6,19.52,982.0,325.0,71.0,161.0,309.0,364.0,0.0,77.0,3.445143683,3.445143683,3,238,0,0,4,1
716,17,13,25,35.0,82.0,8.96,4.48,0.8960000000000001,219.0,8.0,73.0,32.0,94.0,19.0,0.0,1.0,3.660768683,3.660768683,4,0,0,0,2,1
717,17,13,25,722.0,1600.0,48.64,24.32,4.864000000000001,1222.0,183.0,339.0,559.0,215.0,72.0,0.0,37.0,3.660768683,3.660768683,2,0,0,0,4,1
718,17,13,25,925.0,2123.0,60.8,30.4,6.08,914.0,222.0,172.0,327.0,260.0,134.0,0.0,21.0,3.445143683,3.445143683,2,0,0,0,4,1
719,17,13,25,1112.0,2433.0,97.28,48.64,9.728000000000002,1144.0,243.0,115.0,355.0,468.0,148.0,0.0,58.0,3.445143683,3.445143683,2,883,0,0,4,1
720,17,13,25,987.0,2238.0,88.96000000000001,44.48,8.896,1174.0,240.0,39.0,178.0,119.0,42.0,0.0,796.0,3.445143683,3.445143683,2,0,0,0,4,1
721,17,13,25,766.0,1754.0,58.88,29.44,5.888,580.0,197.0,30.0,102.0,323.0,96.0,0.0,29.0,3.660768683,3.660768683,2,895,0,0,4,1
722,17,13,25,834.0,1976.0,35.2,17.6,3.5200000000000005,150.0,303.0,10.0,60.0,26.0,29.0,0.0,25.0,3.660768683,3.660768683,2,0,0,0,4,1
723,17,13,25,42.0,101.0,25.6,12.8,2.5600000000000005,876.0,9.0,578.0,90.0,146.0,55.0,0.0,7.0,3.445143683,3.445143683,4,0,0,0,2,1
724,17,13,25,39.0,96.0,17.92,8.96,1.7920000000000005,150.0,6.0,115.0,20.0,3.0,10.0,0.0,2.0,3.445143683,3.445143683,2,0,0,0,4,1
725,17,13,25,640.0,1622.0,126.08,63.040000000000006,12.608000000000002,3728.0,221.0,218.0,2562.0,247.0,313.0,0.0,388.0,3.445143683,3.445143683,4,0,0,0,2,1
726,17,13,25,321.0,695.0,163.2,81.6,16.32,1658.0,67.0,113.0,390.0,680.0,272.0,0.0,203.0,3.647785563,3.647785563,4,180,0,0,2,1
727,17,13,25,1309.0,3417.0,106.88,53.440000000000005,10.688000000000002,2082.0,534.0,143.0,1398.0,225.0,299.0,0.0,17.0,3.445143683,3.445143683,2,0,0,0,4,1
728,17,13,25,164.0,417.0,59.52,29.76,5.952,1787.0,10.0,178.0,835.0,517.0,193.0,0.0,64.0,3.445143683,3.445143683,4,0,0,0,2,1
729,21,16,25,1018.0,2366.0,124.8,62.400000000000006,12.480000000000002,2166.0,333.0,449.0,614.0,845.0,210.0,0.0,48.0,4.670054008,4.670054008,2,124,720,80,4,1
730,21,16,25,2004.0,4611.0,87.68,43.84,8.768,1077.0,530.0,83.0,265.0,583.0,108.0,0.0,38.0,4.351417056,4.351417056,2,0,360,40,4,1
731,21,16,25,1307.0,3186.0,85.76,42.88,8.576,1174.0,412.0,299.0,300.0,409.0,141.0,0.0,25.0,2.714348509,2.714348509,2,873,0,0,4,1
732,21,16,25,1055.0,2451.0,71.68,35.84,7.168000000000001,590.0,302.0,179.0,130.0,116.0,120.0,0.0,45.0,2.607834321,2.607834321,2,26,0,0,4,1
733,21,16,25,1507.0,3420.0,117.76,58.88,11.776,409.0,472.0,56.0,150.0,151.0,39.0,0.0,13.0,2.830740389,2.830740389,2,0,0,0,4,1
734,21,16,25,521.0,1153.0,39.68,19.84,3.968,1699.0,136.0,834.0,364.0,337.0,131.0,0.0,33.0,4.10733163,4.10733163,2,0,0,0,4,1
735,21,16,25,1836.0,3962.0,97.92,48.96,9.792000000000002,1056.0,345.0,94.0,294.0,565.0,91.0,0.0,12.0,5.876456706,5.876456706,2,0,0,0,4,1
736,21,16,25,652.0,1598.0,60.8,30.4,6.08,285.0,236.0,15.0,58.0,194.0,16.0,0.0,2.0,6.65851326,6.65851326,2,705,0,0,4,1
737,21,16,25,1912.0,4276.0,67.84,33.92,6.784000000000001,2628.0,511.0,1572.0,270.0,622.0,123.0,0.0,41.0,5.972601931,5.972601931,2,0,0,0,4,1
738,21,16,25,1259.0,2722.0,49.28,24.64,4.928000000000001,622.0,248.0,46.0,172.0,352.0,37.0,0.0,15.0,4.02108163,4.02108163,2,0,117,13,4,1
739,21,16,25,882.0,2247.0,79.36,39.68,7.936,886.0,406.0,134.0,180.0,502.0,52.0,0.0,18.0,2.303871502,2.303871502,2,858,0,0,4,1
740,21,16,25,860.0,2028.0,58.24,29.12,5.824,385.0,292.0,117.0,120.0,119.0,23.0,0.0,6.0,3.049979622,3.049979622,2,0,0,0,4,1
741,21,16,25,1410.0,3423.0,107.52,53.760000000000005,10.752000000000002,488.0,481.0,137.0,122.0,150.0,66.0,0.0,13.0,3.921848509,3.921848509,2,0,0,0,4,1
742,21,16,25,607.0,1618.0,88.96000000000001,44.48,8.896,729.0,342.0,65.0,127.0,445.0,67.0,0.0,25.0,4.937671365,4.937671365,2,2084,0,0,4,1
743,21,16,25,458.0,1126.0,37.120000000000005,18.56,3.7120000000000006,1005.0,159.0,82.0,114.0,258.0,549.0,0.0,2.0,4.937671365,4.937671365,2,865,0,0,4,1
744,21,16,25,695.0,1790.0,47.36,23.68,4.736,850.0,315.0,211.0,225.0,143.0,260.0,0.0,11.0,6.172681554,6.172681554,2,0,0,0,4,1
745,21,16,25,797.0,1952.0,60.16,30.08,6.016,1812.0,324.0,228.0,704.0,572.0,254.0,0.0,54.0,6.258931554,6.258931554,2,0,0,0,4,1
746,21,16,25,845.0,1654.0,27.52,13.759999999999998,2.752,230.0,135.0,8.0,91.0,118.0,11.0,0.0,2.0,5.396431554,5.396431554,2,0,0,0,4,1
747,21,16,25,521.0,1272.0,89.60000000000001,44.8,8.96,280.0,212.0,89.0,71.0,75.0,39.0,0.0,6.0,4.188931554,4.188931554,3,0,0,0,4,1
748,21,16,25,1070.0,2455.0,86.4,43.2,8.64,402.0,343.0,32.0,82.0,222.0,55.0,0.0,11.0,4.18166802,4.18166802,2,0,0,0,4,1
749,21,16,25,499.0,1288.0,182.4,91.2,18.24,959.0,250.0,34.0,143.0,734.0,34.0,0.0,14.0,3.739979622,3.739979622,4,1424,0,0,2,1
751,21,16,25,468.0,1335.0,611.1999999999999,305.6,61.12,835.0,300.0,92.0,165.0,433.0,129.0,0.0,16.0,3.474017989,3.474017989,4,1085,117,13,2,1
